1,0,0,0,0,0,0,0,0,0,0,0,0,0,0,0,0,0,0,0,0
2,0,0,0,0,0,0,0,0,0,0,0,0,0,0,0,0,0,0,0,0
3,0,0,0,0,0,0,0,0,0,0,0,0,0,0,0,0,0,0,0,0
4,0,0,0,0,0,0,0,0,0,0,0,0,0,0,0,0,0,0,0,0
5,0,0,0,0,0,0,0,0,0,0,0,0,0,0,0,0,0,0,0,0
6,0,0,0,0,0,0,0,0,0,0,0,0,0,0,0,0,0,0,0,0
7,0,0,0,0,0,0,0,0,0,0,0,0,0,0,0,0,0,0,0,0
8,0,0,0,0,0,0,0,0,0,0,0,0,0,0,0,0,0,0,0,0
9,0,0,0,0,0,0,0,0,0,0,0,0,0,0,0,0,0,0,0,0
10,9,7,5,4,3,5,4,3,2,2,1,1,1,1,1,1,1,1,1,1
11,10,8,6,4,3,5,4,3,2,2,2,1,1,1,1,2,1,1,1,1
12,11,8,6,5,4,6,4,3,3,2,2,2,1,1,1,2,2,1,1,1
13,12,9,7,5,4,7,5,4,3,2,3,2,1,1,1,3,2,1,1,1
14,12,9,7,5,4,7,5,4,3,2,3,2,2,1,1,3,2,2,1,1
15,13,10,7,5,4,8,6,4,3,2,4,3,2,1,1,4,3,2,1,1
16,14,10,8,6,4,8,6,5,4,3,4,3,2,2,1,4,3,2,2,1
17,14,11,8,6,5,9,7,5,4,3,5,3,3,2,1,5,3,3,2,1
18,15,11,9,7,5,9,7,5,4,3,5,4,3,2,2,5,4,3,2,2
19,16,12,9,7,5,10,8,6,4,3,6,4,3,2,2,6,4,3,2,2
20,16,12,9,7,5,11,8,6,5,3,6,5,3,3,2,6,5,3,3,2
21,17,13,9,7,5,11,8,6,5,4,7,5,4,3,2,7,5,4,3,2
22,18,13,10,7,6,12,9,7,5,4,7,5,4,3,2,7,5,4,3,2
23,18,14,11,8,6,12,9,7,5,4,8,6,4,3,2,8,6,4,3,2
24,19,14,11,8,6,13,10,7,6,4,8,6,5,3,3,8,6,5,3,3
25,20,15,11,9,7,14,10,8,6,4,9,6,5,4,3,9,6,5,4,3
26,20,16,11,9,7,14,11,8,6,5,9,7,5,4,3,9,7,5,4,3
27,21,16,12,9,7,15,11,8,6,5,10,7,5,4,3,10,7,5,4,3
28,22,16,12,9,7,15,12,9,7,5,10,8,6,4,3,10,8,6,4,3
29,23,17,13,9,7,16,12,9,7,5,11,8,6,4,3,11,8,6,4,3
30,23,18,13,10,7,17,12,9,7,5,11,8,6,5,3,11,8,6,5,3
31,24,18,14,10,7,17,13,10,7,5,12,9,6,5,4,12,9,6,5,4
32,25,18,14,11,8,18,13,10,8,6,12,9,7,5,4,12,9,7,5,4
33,25,19,14,11,8,18,14,10,8,6,13,9,7,5,4,13,9,7,5,4
34,26,20,15,11,8,19,14,11,8,6,13,10,7,5,4,13,10,7,5,4
35,27,20,15,11,9,20,15,11,8,6,14,10,8,6,4,14,10,8,6,4
36,27,20,16,11,9,20,15,11,9,6,14,11,8,6,4,14,11,8,6,4
37,28,21,16,12,9,21,16,12,9,7,15,11,8,6,5,15,11,8,6,5
38,29,22,16,12,9,21,16,12,9,7,15,11,8,6,5,15,11,8,6,5
39,29,22,16,12,9,22,16,12,9,7,16,12,9,7,5,16,12,9,7,5
40,30,23,17,13,9,23,17,13,10,7,16,12,9,7,5,16,12,9,7,5
41,31,23,18,13,10,23,17,13,10,7,17,12,9,7,5,17,12,9,7,5
42,32,24,18,13,10,24,18,13,10,8,17,13,10,7,5,17,13,10,7,5
43,32,24,18,14,10,24,18,14,10,8,18,13,10,7,6,18,13,10,7,6
44,33,25,18,14,11,25,19,14,11,8,18,14,10,8,6,18,14,10,8,6
45,34,25,19,14,11,26,19,14,11,8,19,14,10,8,6,19,14,10,8,6
46,34,25,19,14,11,26,20,15,11,8,19,14,11,8,6,19,14,11,8,6
47,35,26,20,15,11,27,20,15,11,8,20,15,11,8,6,20,15,11,8,6
48,36,27,20,15,11,27,20,15,12,9,20,15,11,8,6,20,15,11,8,6
49,36,27,20,16,11,28,21,16,12,9,21,15,12,9,6,21,15,12,9,6
50,37,28,21,16,12,28,21,16,12,9,21,16,12,9,7,21,16,12,9,7
51,38,28,21,16,12,29,22,16,12,9,22,16,12,9,7,22,16,12,9,7
52,38,29,22,16,12,30,22,17,13,9,22,17,12,9,7,22,17,12,9,7
53,39,29,22,16,12,30,23,17,13,10,23,17,13,9,7,23,17,13,9,7
54,40,30,22,17,13,31,23,17,13,10,23,17,13,10,7,23,17,13,10,7
55,41,30,23,17,13,31,24,18,13,10,24,18,13,10,7,24,18,13,10,7
56,41,31,23,18,13,32,24,18,14,10,24,18,14,10,8,24,18,14,10,8
57,42,32,23,18,13,33,24,18,14,10,25,18,14,10,8,25,18,14,10,8
58,43,32,24,18,14,33,25,19,14,11,25,19,14,11,8,25,19,14,11,8
59,43,32,25,18,14,34,25,19,14,11,26,19,14,11,8,26,19,14,11,8
60,44,33,25,18,14,34,26,19,15,11,26,20,15,11,8,26,20,15,11,8
61,45,34,25,19,14,35,26,20,15,11,27,20,15,11,8,27,20,15,11,8
62,45,34,25,19,14,36,27,20,15,11,27,20,15,11,9,27,20,15,11,9
63,46,34,26,19,14,36,27,20,15,11,28,21,15,12,9,28,21,15,12,9
64,47,35,26,20,15,37,28,21,16,12,28,21,16,12,9,28,21,16,12,9
65,47,36,27,20,15,37,28,21,16,12,29,21,16,12,9,29,21,16,12,9
66,48,36,27,20,15,38,28,21,16,12,29,22,16,12,9,29,22,16,12,9
67,49,36,27,20,16,39,29,22,16,12,30,22,17,12,9,30,22,17,12,9
68,50,37,28,21,16,39,29,22,17,12,30,23,17,13,9,30,23,17,13,9
69,50,38,28,21,16,40,30,22,17,13,31,23,17,13,10,31,23,17,13,10
70,50,38,29,21,16,40,30,23,17,13,31,23,17,13,10,31,23,17,13,10
71,52,39,29,22,16,41,31,23,17,13,32,24,18,13,10,32,24,18,13,10
72,52,39,29,22,16,42,31,23,18,13,32,24,18,14,10,32,24,18,14,10
73,52,39,30,22,17,42,32,24,18,13,33,24,18,14,10,33,24,18,14,10
74,53,40,30,23,17,43,32,24,18,14,33,25,19,14,10,33,25,19,14,10
75,54,41,30,23,17,43,32,24,18,14,34,25,19,14,11,34,25,19,14,11
76,55,41,31,23,18,44,33,25,19,14,34,26,19,14,11,34,26,19,14,11
77,55,41,31,23,18,45,33,25,19,14,35,26,19,15,11,35,26,19,15,11
78,56,42,32,24,18,45,34,25,19,14,35,26,20,15,11,35,26,20,15,11
79,57,43,32,24,18,46,34,26,19,14,36,27,20,15,11,36,27,20,15,11
80,57,43,32,25,18,46,35,26,20,15,36,27,20,15,11,36,27,20,15,11
81,58,43,33,25,18,47,35,26,20,15,37,27,21,15,12,37,27,21,15,12
82,59,44,33,25,18,47,36,27,20,15,37,28,21,16,12,37,28,21,16,12
83,59,45,34,25,19,48,36,27,20,15,38,28,21,16,12,38,28,21,16,12
84,60,45,34,25,19,49,37,27,21,15,38,29,21,16,12,38,29,21,16,12
85,61,46,34,26,19,49,37,28,21,16,39,29,22,16,12,39,29,22,16,12
86,61,46,34,26,20,50,37,28,21,16,39,29,22,16,12,39,29,22,16,12
87,62,47,35,26,20,50,38,28,21,16,40,30,22,17,12,40,30,22,17,12
88,63,47,36,27,20,51,38,29,22,16,40,30,23,17,13,40,30,23,17,13
89,64,48,36,27,20,52,39,29,22,16,41,30,23,17,13,41,30,23,17,13
90,64,48,36,27,20,52,39,29,22,17,41,31,23,17,13,41,31,23,17,13
91,65,49,36,27,21,53,40,30,22,17,42,31,23,18,13,42,31,23,18,13
92,66,50,37,28,21,53,40,30,23,17,42,32,24,18,13,42,32,24,18,13
93,66,50,37,28,21,54,41,30,23,17,43,32,24,18,13,43,32,24,18,13
94,66,50,37,28,21,54,41,30,23,17,43,32,24,18,14,43,32,24,18,14
95,67,50,37,28,21,54,41,31,23,17,44,33,24,18,14,44,33,24,18,14
96,67,50,37,28,21,55,41,31,23,17,44,33,25,19,14,44,33,25,19,14
97,67,51,38,28,21,55,42,31,24,18,45,33,25,19,14,45,33,25,19,14
98,68,51,38,29,21,56,42,31,24,18,45,34,25,19,14,45,34,25,19,14
99,68,51,38,29,22,56,42,32,24,18,46,34,26,19,14,46,34,26,19,14
100,68,51,38,29,22,57,43,32,24,18,46,35,26,19,15,46,35,26,19,15
101,69,52,38,29,22,57,43,32,24,18,47,35,26,20,15,47,35,26,20,15
102,69,52,39,29,22,57,43,32,25,18,47,35,26,20,15,47,35,26,20,15
103,69,52,39,29,22,58,44,33,25,18,48,36,27,20,15,48,36,27,20,15
104,70,52,39,30,22,58,44,33,25,19,48,36,27,20,15,48,36,27,20,15
105,70,52,39,30,22,59,44,33,25,19,49,36,27,20,15,49,36,27,20,15
106,71,52,39,30,22,59,45,33,25,19,49,37,28,21,16,49,37,28,21,16
107,71,53,40,31,22,60,45,34,26,19,50,37,28,21,16,50,37,28,21,16
108,72,53,40,31,23,60,45,34,26,19,50,38,28,21,16,50,38,28,21,16
109,73,54,40,31,23,60,46,34,26,19,51,38,28,21,16,51,38,28,21,16
110,73,54,41,31,23,61,46,34,26,19,51,38,29,22,16,51,38,29,22,16
111,74,55,41,32,23,61,46,34,26,20,52,39,29,22,16,52,39,29,22,16
112,75,56,42,32,23,62,47,35,26,20,52,39,29,22,16,52,39,29,22,16
113,75,56,42,32,24,62,47,35,27,20,53,39,30,22,17,53,39,30,22,17
114,76,57,42,33,24,63,47,35,27,20,53,40,30,22,17,53,40,30,22,17
115,77,57,43,33,24,63,48,35,27,20,54,40,30,23,17,54,40,30,23,17
116,78,58,43,33,24,67,50,38,29,21,54,41,30,23,17,54,41,30,23,17
117,78,58,44,34,25,68,51,38,29,21,55,41,31,23,17,55,41,31,23,17
118,79,59,44,34,25,69,51,38,29,22,55,41,31,23,17,55,41,31,23,17
119,80,59,44,34,25,69,52,39,30,22,56,42,31,23,18,56,42,31,23,18
120,80,60,45,35,25,70,52,39,30,22,56,42,32,24,18,56,42,32,24,18
121,81,60,45,35,26,71,52,39,30,22,61,46,34,26,19,61,46,34,26,19
122,82,61,46,35,26,71,53,40,31,22,62,46,35,27,19,62,46,35,27,19
123,83,61,46,35,26,72,53,40,31,23,63,46,35,27,20,63,46,35,27,20
124,84,62,47,36,26,73,54,40,31,23,63,47,35,27,20,63,47,35,27,20
125,84,63,47,36,27,73,54,41,31,23,64,47,36,27,20,64,47,36,27,20
126,85,63,47,36,27,74,55,41,32,23,64,48,36,28,20,64,48,36,28,20
127,86,64,48,37,27,75,56,42,32,23,65,48,36,28,20,65,48,36,28,20
128,87,64,48,37,27,75,56,42,32,24,66,49,37,28,21,66,49,37,28,21
129,88,65,49,38,28,76,57,42,33,24,66,49,37,28,21,66,49,37,28,21
130,88,66,49,38,28,77,57,43,33,24,67,50,37,29,21,67,50,37,29,21
131,89,66,50,38,28,78,58,43,33,24,67,50,38,29,21,67,50,38,29,21
132,90,67,50,39,28,78,58,44,34,25,68,51,38,29,21,68,51,38,29,21
133,91,68,51,39,29,79,59,44,34,25,69,51,38,29,22,69,51,38,29,22
134,92,68,51,39,29,80,59,44,34,25,69,52,39,30,22,69,52,39,30,22
135,93,69,52,40,29,80,60,45,35,25,70,52,39,30,22,70,52,39,30,22
136,93,69,52,40,29,81,60,45,35,26,71,52,39,30,22,71,52,39,30,22
137,94,70,53,40,30,82,61,46,35,26,71,53,40,31,22,71,53,40,31,22
138,95,71,53,41,30,83,61,46,35,26,72,53,40,31,23,72,53,40,31,23
139,96,71,54,41,30,84,62,47,36,26,73,54,40,31,23,73,54,40,31,23
140,97,72,54,42,30,84,63,47,36,27,73,54,41,31,23,73,54,41,31,23
141,98,73,55,42,31,85,63,47,36,27,74,55,41,32,23,74,55,41,32,23
142,99,73,55,42,31,86,64,48,37,27,75,56,42,32,23,75,56,42,32,23
143,100,74,56,43,31,87,64,48,37,27,75,56,42,32,24,75,56,42,32,24
144,101,75,56,43,32,88,65,49,38,28,76,57,42,33,24,76,57,42,33,24
145,102,75,57,44,32,88,66,49,38,28,77,57,43,33,24,77,57,43,33,24
146,103,76,57,44,32,89,66,50,38,28,78,58,43,33,24,78,58,43,33,24
147,104,77,58,44,33,90,67,50,39,28,78,58,44,34,25,78,58,44,34,25
148,104,78,58,45,33,91,68,51,39,29,79,59,44,34,25,79,59,44,34,25
149,105,78,59,45,33,92,68,51,39,29,80,59,44,34,25,80,59,44,34,25
150,106,79,59,46,33,93,69,52,40,29,80,60,45,35,25,80,60,45,35,25
151,107,80,60,46,34,93,69,52,40,29,81,60,45,35,26,81,60,45,35,26
152,108,81,60,46,34,94,70,53,40,30,82,61,46,35,26,82,61,46,35,26
153,109,81,61,47,34,95,71,53,41,30,83,61,46,35,26,83,61,46,35,26
154,111,82,62,47,35,96,71,54,41,30,84,62,47,36,26,84,62,47,36,26
155,112,83,62,48,35,97,72,54,42,30,84,63,47,36,27,84,63,47,36,27
156,113,84,63,48,35,98,73,55,42,31,85,63,47,36,27,85,63,47,36,27
157,114,84,63,49,36,99,73,55,42,31,86,64,48,37,27,86,64,48,37,27
158,115,85,64,49,36,100,74,56,43,31,87,64,48,37,27,87,64,48,37,27
159,116,86,65,50,36,101,75,56,43,32,88,65,49,38,28,88,65,49,38,28
160,117,87,65,50,37,102,75,57,44,32,88,66,49,38,28,88,66,49,38,28
161,118,88,66,51,37,103,76,57,44,32,89,66,50,38,28,89,66,50,38,28
162,119,88,66,51,37,104,77,58,44,33,90,67,50,39,28,90,67,50,39,28
163,120,89,67,52,38,104,78,58,45,33,91,68,51,39,29,91,68,51,39,29
164,121,90,68,52,38,105,78,59,45,33,92,68,51,39,29,92,68,51,39,29
165,122,91,68,52,38,106,79,59,46,33,93,69,52,40,29,93,69,52,40,29
166,124,92,69,53,39,107,80,60,46,34,93,69,52,40,29,93,69,52,40,29
167,125,93,69,53,39,108,81,60,46,34,94,70,53,40,30,94,70,53,40,30
168,126,94,70,54,40,109,81,61,47,34,95,71,53,41,30,95,71,53,41,30
169,127,94,71,54,40,111,82,62,47,35,96,71,54,41,30,96,71,54,41,30
170,128,95,71,55,40,112,83,62,48,35,97,72,54,42,30,97,72,54,42,30
171,129,96,72,55,41,113,84,63,48,35,98,73,55,42,31,98,73,55,42,31
172,131,97,73,56,41,114,84,63,49,36,99,73,55,42,31,99,73,55,42,31
173,132,98,73,57,41,115,85,64,49,36,100,74,56,43,31,100,74,56,43,31
174,133,99,74,57,42,116,86,65,50,36,101,75,56,43,32,101,75,56,43,32
175,134,100,75,58,42,117,87,65,50,37,102,75,57,44,32,102,75,57,44,32
176,136,101,76,58,43,118,88,66,51,37,103,76,57,44,32,103,76,57,44,32
177,137,102,76,59,43,119,88,66,51,37,104,77,58,44,33,104,77,58,44,33
178,138,103,77,59,43,120,89,67,52,38,104,78,58,45,33,104,78,58,45,33
179,139,104,78,60,44,121,90,68,52,38,105,78,59,45,33,105,78,59,45,33
180,141,105,78,60,44,122,91,68,52,38,106,79,59,46,33,106,79,59,46,33
181,142,106,79,61,45,124,92,69,53,39,107,80,60,46,34,107,80,60,46,34
182,143,107,80,61,45,125,93,69,53,39,108,81,60,46,34,108,81,60,46,34
183,145,108,81,62,46,126,94,70,54,40,109,81,61,47,34,109,81,61,47,34
184,146,109,81,63,46,127,94,71,54,40,111,82,62,47,35,111,82,62,47,35
185,148,110,82,63,46,128,95,71,55,40,112,83,62,48,35,112,83,62,48,35
186,149,111,83,64,47,129,96,72,55,41,113,84,63,48,35,113,84,63,48,35
187,150,112,84,64,47,131,97,73,56,41,114,84,63,49,36,114,84,63,49,36
188,152,113,85,65,48,132,98,73,57,41,115,85,64,49,36,115,85,64,49,36
189,153,114,85,66,48,133,99,74,57,42,116,86,65,50,36,116,86,65,50,36
190,155,115,86,66,49,134,100,75,58,42,117,87,65,50,37,117,87,65,50,37
191,156,116,87,67,49,136,101,76,58,43,118,88,66,51,37,118,88,66,51,37
192,157,117,88,67,49,137,102,76,59,43,119,88,66,51,37,119,88,66,51,37
193,159,118,89,68,50,138,103,77,59,43,120,89,67,52,38,120,89,67,52,38
194,160,119,89,69,50,139,104,78,60,44,121,90,68,52,38,121,90,68,52,38
195,162,120,90,69,51,141,105,78,60,44,122,91,68,52,38,122,91,68,52,38
196,163,121,91,70,51,142,106,79,61,45,124,92,69,53,39,124,92,69,53,39
197,165,123,92,71,52,143,107,80,61,45,125,93,69,53,39,125,93,69,53,39
198,167,124,93,71,52,145,108,81,62,46,126,94,70,54,40,126,94,70,54,40
199,168,125,94,72,53,146,109,81,63,46,127,94,71,54,40,127,94,71,54,40
200,170,126,95,73,53,148,110,82,63,46,128,95,71,55,40,128,95,71,55,40
201,171,127,95,73,54,149,111,83,64,47,129,96,72,55,41,129,96,72,55,41
202,173,128,96,74,54,150,112,84,64,47,131,97,73,56,41,131,97,73,56,41
203,174,130,97,75,55,152,113,85,65,48,132,98,73,57,41,132,98,73,57,41
204,176,131,98,75,55,153,114,85,66,48,133,99,74,57,42,133,99,74,57,42
205,178,132,99,76,56,155,115,86,66,49,134,100,75,58,42,134,100,75,58,42
206,179,133,100,77,56,156,116,87,67,49,136,101,76,58,43,136,101,76,58,43
207,181,135,101,78,57,157,117,88,67,49,137,102,76,59,43,137,102,76,59,43
208,183,136,102,78,57,159,118,89,68,50,138,103,77,59,43,138,103,77,59,43
209,184,137,103,79,58,160,119,89,69,50,139,104,78,60,44,139,104,78,60,44
210,186,138,104,80,59,162,120,90,69,51,141,105,78,60,44,141,105,78,60,44
211,188,140,105,81,59,163,121,91,70,51,142,106,79,61,45,142,106,79,61,45
212,190,141,106,81,60,165,123,92,71,52,143,107,80,61,45,143,107,80,61,45
213,191,142,107,82,60,167,124,93,71,52,145,108,81,62,46,145,108,81,62,46
214,193,144,108,83,61,168,125,94,72,53,146,109,81,63,46,146,109,81,63,46
215,195,145,109,84,61,170,126,95,73,53,148,110,82,63,46,148,110,82,63,46
216,197,146,110,84,62,171,127,95,73,54,149,111,83,64,47,149,111,83,64,47
217,199,148,111,85,62,173,128,96,74,54,150,112,84,64,47,150,112,84,64,47
218,201,149,112,86,63,174,130,97,75,55,152,113,85,65,48,152,113,85,65,48
219,202,150,113,87,64,176,131,98,75,55,153,114,85,66,48,153,114,85,66,48
220,204,152,114,88,64,178,132,99,76,56,155,115,86,66,49,155,115,86,66,49
221,206,153,115,88,65,179,133,100,77,56,156,116,87,67,49,156,116,87,67,49
222,208,155,116,89,65,181,135,101,78,57,157,117,88,67,49,157,117,88,67,49
223,210,156,117,90,66,183,136,102,78,57,159,118,89,68,50,159,118,89,68,50
224,212,158,118,91,67,184,137,103,79,58,160,119,89,69,50,160,119,89,69,50
225,214,159,119,92,67,186,138,104,80,59,162,120,90,69,51,162,120,90,69,51
226,216,161,120,93,68,188,140,105,81,59,163,121,91,70,51,163,121,91,70,51
227,218,162,122,93,69,190,141,106,81,60,165,123,92,71,52,165,123,92,71,52
228,220,164,123,94,69,191,142,107,82,60,167,124,93,71,52,167,124,93,71,52
229,222,165,124,95,70,193,144,108,83,61,168,125,94,72,53,168,125,94,72,53
230,224,167,125,96,71,195,145,109,84,61,170,126,95,73,53,170,126,95,73,53
231,226,168,126,97,71,197,146,110,84,62,171,127,95,73,54,171,127,95,73,54
232,229,170,127,98,72,199,148,111,85,62,173,128,96,74,54,173,128,96,74,54
233,231,171,129,99,73,201,149,112,86,63,174,130,97,75,55,174,130,97,75,55
234,233,173,130,100,73,202,150,113,87,64,176,131,98,75,55,176,131,98,75,55
235,235,175,131,101,74,204,152,114,88,64,178,132,99,76,56,178,132,99,76,56
236,237,176,132,102,75,206,153,115,88,65,179,133,100,77,56,179,133,100,77,56
237,239,178,133,103,75,208,155,116,89,65,181,135,101,78,57,181,135,101,78,57
238,242,180,135,104,76,210,156,117,90,66,183,136,102,78,57,183,136,102,78,57
239,244,181,136,105,77,212,158,118,91,67,184,137,103,79,58,184,137,103,79,58
240,246,183,137,106,77,214,159,119,92,67,186,138,104,80,59,186,138,104,80,59
241,249,185,138,107,78,216,161,120,93,68,188,140,105,81,59,188,140,105,81,59
242,251,186,140,108,79,218,162,122,93,69,190,141,106,81,60,190,141,106,81,60
243,253,188,141,109,80,220,164,123,94,69,191,142,107,82,60,191,142,107,82,60
244,256,190,142,110,80,222,165,124,95,70,193,144,108,83,61,193,144,108,83,61
245,258,192,144,111,81,224,167,125,96,71,195,145,109,84,61,195,145,109,84,61
246,260,193,145,112,82,226,168,126,97,71,197,146,110,84,62,197,146,110,84,62
247,263,195,146,113,83,229,170,127,98,72,199,148,111,85,62,199,148,111,85,62
248,265,197,148,114,83,231,171,129,99,73,201,149,112,86,63,201,149,112,86,63
249,268,199,149,115,84,233,173,130,100,73,202,150,113,87,64,202,150,113,87,64
250,270,201,151,116,85,235,175,131,101,74,204,152,114,88,64,204,152,114,88,64
251,273,203,152,117,86,237,176,132,102,75,206,153,115,88,65,206,153,115,88,65
252,275,205,153,118,87,239,178,133,103,75,208,155,116,89,65,208,155,116,89,65
253,278,206,155,119,87,242,180,135,104,76,210,156,117,90,66,210,156,117,90,66
254,281,208,156,120,88,244,181,136,105,77,212,158,118,91,67,212,158,118,91,67
255,283,210,158,121,89,246,183,137,106,77,214,159,119,92,67,214,159,119,92,67
256,286,212,159,123,90,249,185,138,107,78,216,161,120,93,68,216,161,120,93,68
257,289,214,161,124,91,251,186,140,108,79,218,162,122,93,69,218,162,122,93,69
258,291,216,162,125,92,253,188,141,109,80,220,164,123,94,69,220,164,123,94,69
259,294,218,164,126,92,256,190,142,110,80,222,165,124,95,70,222,165,124,95,70
260,297,220,165,127,93,258,192,144,111,81,224,167,125,96,71,224,167,125,96,71
261,299,222,167,128,94,260,193,145,112,82,226,168,126,97,71,226,168,126,97,71
262,302,225,168,130,95,263,195,146,113,83,229,170,127,98,72,229,170,127,98,72
263,305,227,170,131,96,265,197,148,114,83,231,171,129,99,73,231,171,129,99,73
264,308,229,172,132,97,268,199,149,115,84,233,173,130,100,73,233,173,130,100,73
265,311,231,173,133,98,270,201,151,116,85,235,175,131,101,74,235,175,131,101,74
266,314,233,175,134,99,273,203,152,117,86,237,176,132,102,75,237,176,132,102,75
267,317,235,176,136,100,275,205,153,118,87,239,178,133,103,75,239,178,133,103,75
268,320,237,178,137,100,278,206,155,119,87,242,180,135,104,76,242,180,135,104,76
269,323,240,180,138,101,281,208,156,120,88,244,181,136,105,77,244,181,136,105,77
270,326,242,181,140,102,283,210,158,121,89,246,183,137,106,77,246,183,137,106,77
271,329,244,183,141,103,286,212,159,123,90,249,185,138,107,78,249,185,138,107,78
272,332,246,185,142,104,289,214,161,124,91,289,214,161,124,91,289,214,161,124,91
273,335,249,187,144,105,291,216,162,125,92,291,216,162,125,92,291,216,162,125,92
274,338,251,188,145,106,294,218,164,126,92,294,218,164,126,92,294,218,164,126,92
275,341,253,190,146,107,297,220,165,127,93,297,220,165,127,93,297,220,165,127,93
276,344,256,192,148,108,299,222,167,128,94,299,222,167,128,94,299,222,167,128,94
277,348,258,194,149,109,302,225,168,130,95,302,225,168,130,95,302,225,168,130,95
278,351,261,195,150,110,305,227,170,131,96,305,227,170,131,96,305,227,170,131,96
279,354,263,197,152,111,308,229,172,132,97,308,229,172,132,97,308,229,172,132,97
280,357,266,199,153,112,311,231,173,133,98,311,231,173,133,98,311,231,173,133,98
281,361,268,201,155,113,314,233,175,134,99,314,233,175,134,99,314,233,175,134,99
282,364,271,203,156,114,317,235,176,136,100,317,235,176,136,100,317,235,176,136,100
283,368,273,205,158,116,320,237,178,137,100,320,237,178,137,100,320,237,178,137,100
284,371,276,207,159,117,323,240,180,138,101,323,240,180,138,101,323,240,180,138,101
285,326,242,181,140,102,326,242,181,140,102,326,242,181,140,102,326,242,181,140,102
286,329,244,183,141,103,329,244,183,141,103,329,244,183,141,103,329,244,183,141,103
287,332,246,185,142,104,332,246,185,142,104,332,246,185,142,104,332,246,185,142,104
288,335,249,187,144,105,335,249,187,144,105,335,249,187,144,105,335,249,187,144,105
289,338,251,188,145,106,338,251,188,145,106,338,251,188,145,106,338,251,188,145,106
290,341,253,190,146,107,341,253,190,146,107,341,253,190,146,107,341,253,190,146,107
291,344,256,192,148,108,344,256,192,148,108,344,256,192,148,108,344,256,192,148,108
292,348,258,194,149,109,348,258,194,149,109,348,258,194,149,109,348,258,194,149,109
293,351,261,195,150,110,351,261,195,150,110,351,261,195,150,110,351,261,195,150,110
294,354,263,197,152,111,354,263,197,152,111,354,263,197,152,111,354,263,197,152,111
295,357,266,199,153,112,357,266,199,153,112,357,266,199,153,112,357,266,199,153,112
296,361,268,201,155,113,361,268,201,155,113,361,268,201,155,113,361,268,201,155,113
297,364,271,203,156,114,364,271,203,156,114,364,271,203,156,114,364,271,203,156,114
298,368,273,205,158,116,368,273,205,158,116,368,273,205,158,116,368,273,205,158,116
299,371,276,207,159,117,371,276,207,159,117,371,276,207,159,117,371,276,207,159,117
300,375,278,209,161,118,375,278,209,161,118,375,278,209,161,118,375,278,209,161,118
301,378,281,211,162,119,378,281,211,162,119,378,281,211,162,119,378,281,211,162,119
302,382,283,213,164,120,382,283,213,164,120,382,283,213,164,120,382,283,213,164,120
303,385,286,215,165,121,385,286,215,165,121,385,286,215,165,121,385,286,215,165,121
304,389,289,217,167,122,389,289,217,167,122,389,289,217,167,122,389,289,217,167,122
305,392,291,219,168,123,392,291,219,168,123,392,291,219,168,123,392,291,219,168,123
306,396,294,221,170,124,396,294,221,170,124,396,294,221,170,124,396,294,221,170,124
307,400,297,223,171,126,400,297,223,171,126,400,297,223,171,126,400,297,223,171,126
308,404,300,225,173,127,404,300,225,173,127,404,300,225,173,127,404,300,225,173,127
309,407,303,227,175,128,407,303,227,175,128,407,303,227,175,128,407,303,227,175,128
310,411,305,229,176,129,411,305,229,176,129,411,305,229,176,129,411,305,229,176,129
311,415,308,231,178,130,415,308,231,178,130,415,308,231,178,130,415,308,231,178,130
312,419,311,233,179,132,419,311,233,179,132,419,311,233,179,132,419,311,233,179,132
313,423,314,236,181,133,423,314,236,181,133,423,314,236,181,133,423,314,236,181,133
314,427,317,238,183,134,427,317,238,183,134,427,317,238,183,134,427,317,238,183,134
315,431,320,240,185,135,431,320,240,185,135,431,320,240,185,135,431,320,240,185,135
316,435,323,242,186,137,435,323,242,186,137,435,323,242,186,137,435,323,242,186,137
317,439,326,244,188,138,439,326,244,188,138,439,326,244,188,138,439,326,244,188,138
318,443,329,247,190,139,443,329,247,190,139,443,329,247,190,139,443,329,247,190,139
319,447,332,249,192,141,447,332,249,192,141,447,332,249,192,141,447,332,249,192,141
320,451,335,251,193,142,451,335,251,193,142,451,335,251,193,142,451,335,251,193,142
321,455,338,254,195,143,455,338,254,195,143,455,338,254,195,143,455,338,254,195,143
322,460,342,256,197,144,460,342,256,197,144,460,342,256,197,144,460,342,256,197,144
323,464,345,259,199,146,464,345,259,199,146,464,345,259,199,146,464,345,259,199,146
324,468,348,261,201,147,468,348,261,201,147,468,348,261,201,147,468,348,261,201,147
325,473,351,263,203,149,473,351,263,203,149,473,351,263,203,149,473,351,263,203,149
326,477,354,266,205,150,477,354,266,205,150,477,354,266,205,150,477,354,266,205,150
327,482,358,268,206,151,482,358,268,206,151,482,358,268,206,151,482,358,268,206,151
328,486,361,271,208,153,486,361,271,208,153,486,361,271,208,153,486,361,271,208,153
329,491,365,273,210,154,491,365,273,210,154,491,365,273,210,154,491,365,273,210,154
330,495,368,276,212,156,495,368,276,212,156,495,368,276,212,156,495,368,276,212,156
331,500,371,279,214,157,500,371,279,214,157,500,371,279,214,157,500,371,279,214,157
332,505,375,281,216,159,505,375,281,216,159,505,375,281,216,159,505,375,281,216,159
333,509,378,284,218,160,509,378,284,218,160,509,378,284,218,160,509,378,284,218,160
334,514,382,286,220,162,514,382,286,220,162,514,382,286,220,162,514,382,286,220,162
335,519,385,289,222,163,519,385,289,222,163,519,385,289,222,163,519,385,289,222,163
336,524,389,292,224,165,524,389,292,224,165,524,389,292,224,165,524,389,292,224,165
337,529,393,295,227,166,529,393,295,227,166,529,393,295,227,166,529,393,295,227,166
338,534,396,297,229,168,534,396,297,229,168,534,396,297,229,168,534,396,297,229,168
339,539,400,300,231,169,539,400,300,231,169,539,400,300,231,169,539,400,300,231,169
340,544,404,303,233,171,544,404,303,233,171,544,404,303,233,171,544,404,303,233,171
341,549,408,306,235,172,549,408,306,235,172,549,408,306,235,172,549,408,306,235,172
342,554,411,309,237,174,554,411,309,237,174,554,411,309,237,174,554,411,309,237,174
343,559,415,311,240,176,559,415,311,240,176,559,415,311,240,176,559,415,311,240,176
344,564,419,314,242,177,564,419,314,242,177,564,419,314,242,177,564,419,314,242,177
345,570,423,317,244,179,570,423,317,244,179,570,423,317,244,179,570,423,317,244,179
346,575,427,320,246,181,575,427,320,246,181,575,427,320,246,181,575,427,320,246,181
347,580,431,323,249,182,580,431,323,249,182,580,431,323,249,182,580,431,323,249,182
348,586,435,326,251,184,586,435,326,251,184,586,435,326,251,184,586,435,326,251,184
349,591,439,329,253,186,591,439,329,253,186,591,439,329,253,186,591,439,329,253,186
350,597,443,332,256,188,597,443,332,256,188,597,443,332,256,188,597,443,332,256,188
351,602,447,336,258,189,602,447,336,258,189,602,447,336,258,189,602,447,336,258,189
352,608,452,339,261,191,608,452,339,261,191,608,452,339,261,191,608,452,339,261,191
353,614,456,342,263,193,614,456,342,263,193,614,456,342,263,193,614,456,342,263,193
354,619,460,345,265,195,619,460,345,265,195,619,460,345,265,195,619,460,345,265,195
355,625,464,348,268,196,625,464,348,268,196,625,464,348,268,196,625,464,348,268,196
356,631,469,352,270,198,631,469,352,270,198,631,469,352,270,198,631,469,352,270,198
357,637,473,355,273,200,637,473,355,273,200,637,473,355,273,200,637,473,355,273,200
358,643,478,358,276,202,643,478,358,276,202,643,478,358,276,202,643,478,358,276,202
359,649,482,362,278,204,649,482,362,278,204,649,482,362,278,204,649,482,362,278,204
360,655,487,365,281,206,655,487,365,281,206,655,487,365,281,206,655,487,365,281,206
361,661,491,368,283,208,661,491,368,283,208,661,491,368,283,208,661,491,368,283,208
362,667,496,372,286,210,667,496,372,286,210,667,496,372,286,210,667,496,372,286,210
363,674,500,375,289,212,674,500,375,289,212,674,500,375,289,212,674,500,375,289,212
364,680,505,379,291,214,680,505,379,291,214,680,505,379,291,214,680,505,379,291,214
365,686,510,382,294,216,686,510,382,294,216,686,510,382,294,216,686,510,382,294,216
366,693,515,386,297,218,693,515,386,297,218,693,515,386,297,218,693,515,386,297,218
367,699,519,390,300,220,699,519,390,300,220,699,519,390,300,220,699,519,390,300,220
368,706,524,393,302,222,706,524,393,302,222,706,524,393,302,222,706,524,393,302,222
369,712,529,397,305,224,712,529,397,305,224,712,529,397,305,224,712,529,397,305,224
370,719,534,401,308,226,719,534,401,308,226,719,534,401,308,226,719,534,401,308,226
371,726,539,404,311,228,726,539,404,311,228,726,539,404,311,228,726,539,404,311,228
372,733,544,408,314,230,733,544,408,314,230,733,544,408,314,230,733,544,408,314,230
373,739,549,412,317,232,739,549,412,317,232,739,549,412,317,232,739,549,412,317,232
374,746,554,416,320,235,746,554,416,320,235,746,554,416,320,235,746,554,416,320,235
375,753,560,420,323,237,753,560,420,323,237,753,560,420,323,237,753,560,420,323,237
376,760,565,424,326,239,760,565,424,326,239,760,565,424,326,239,760,565,424,326,239
377,767,570,428,329,241,767,570,428,329,241,767,570,428,329,241,767,570,428,329,241
378,775,575,432,332,243,775,575,432,332,243,775,575,432,332,243,775,575,432,332,243
379,782,581,436,335,246,782,581,436,335,246,782,581,436,335,246,782,581,436,335,246
380,789,586,440,338,248,789,586,440,338,248,789,586,440,338,248,789,586,440,338,248
381,797,592,444,341,250,797,592,444,341,250,797,592,444,341,250,797,592,444,341,250
382,804,597,448,345,253,804,597,448,345,253,804,597,448,345,253,804,597,448,345,253
383,812,603,452,348,255,812,603,452,348,255,812,603,452,348,255,812,603,452,348,255
384,819,609,456,351,257,819,609,456,351,257,819,609,456,351,257,819,609,456,351,257
385,827,614,461,354,260,827,614,461,354,260,827,614,461,354,260,827,614,461,354,260
386,835,620,465,358,262,835,620,465,358,262,835,620,465,358,262,835,620,465,358,262
387,842,626,469,361,265,842,626,469,361,265,842,626,469,361,265,842,626,469,361,265
388,850,632,474,364,267,850,632,474,364,267,850,632,474,364,267,850,632,474,364,267
389,858,638,478,368,270,858,638,478,368,270,858,638,478,368,270,858,638,478,368,270
390,866,644,483,371,272,866,644,483,371,272,866,644,483,371,272,866,644,483,371,272
391,874,650,487,375,275,874,650,487,375,275,874,650,487,375,275,874,650,487,375,275
392,883,656,492,378,277,883,656,492,378,277,883,656,492,378,277,883,656,492,378,277
393,891,662,496,382,280,891,662,496,382,280,891,662,496,382,280,891,662,496,382,280
394,899,668,501,385,283,899,668,501,385,283,899,668,501,385,283,899,668,501,385,283
395,908,674,506,389,285,908,674,506,389,285,908,674,506,389,285,908,674,506,389,285
396,916,681,510,393,288,916,681,510,393,288,916,681,510,393,288,916,681,510,393,288
397,925,687,515,396,291,925,687,515,396,291,925,687,515,396,291,925,687,515,396,291
398,933,693,520,400,293,933,693,520,400,293,933,693,520,400,293,933,693,520,400,293
399,942,700,525,404,296,942,700,525,404,296,942,700,525,404,296,942,700,525,404,296
400,951,706,530,408,299,951,706,530,408,299,951,706,530,408,299,951,706,530,408,299
401,960,713,535,411,302,960,713,535,411,302,960,713,535,411,302,960,713,535,411,302
402,969,720,540,415,304,969,720,540,415,304,969,720,540,415,304,969,720,540,415,304
403,978,726,545,419,307,978,726,545,419,307,978,726,545,419,307,978,726,545,419,307
404,987,733,550,423,310,987,733,550,423,310,987,733,550,423,310,987,733,550,423,310
405,996,740,555,427,313,996,740,555,427,313,996,740,555,427,313,996,740,555,427,313
406,1006,747,560,431,316,1006,747,560,431,316,1006,747,560,431,316,1006,747,560,431,316
407,1015,754,565,435,319,1015,754,565,435,319,1015,754,565,435,319,1015,754,565,435,319
408,1024,761,571,439,322,1024,761,571,439,322,1024,761,571,439,322,1024,761,571,439,322
409,1034,768,576,443,325,1034,768,576,443,325,1034,768,576,443,325,1034,768,576,443,325
410,1044,775,582,447,328,1044,775,582,447,328,1044,775,582,447,328,1044,775,582,447,328
411,1054,783,587,452,331,1054,783,587,452,331,1054,783,587,452,331,1054,783,587,452,331
412,1063,790,592,456,334,1063,790,592,456,334,1063,790,592,456,334,1063,790,592,456,334
413,1073,797,598,460,337,1073,797,598,460,337,1073,797,598,460,337,1073,797,598,460,337
414,1083,805,604,464,340,1083,805,604,464,340,1083,805,604,464,340,1083,805,604,464,340
415,1094,812,609,469,344,1094,812,609,469,344,1094,812,609,469,344,1094,812,609,469,344
416,1104,820,615,473,347,1104,820,615,473,347,1104,820,615,473,347,1104,820,615,473,347
417,1114,828,621,477,350,1114,828,621,477,350,1114,828,621,477,350,1114,828,621,477,350
418,1125,835,627,482,353,1125,835,627,482,353,1125,835,627,482,353,1125,835,627,482,353
419,1135,843,632,486,357,1135,843,632,486,357,1135,843,632,486,357,1135,843,632,486,357
420,1146,851,638,491,360,1146,851,638,491,360,1146,851,638,491,360,1146,851,638,491,360
421,1156,859,644,496,363,1156,859,644,496,363,1156,859,644,496,363,1156,859,644,496,363
422,1167,867,650,500,367,1167,867,650,500,367,1167,867,650,500,367,1167,867,650,500,367
423,1178,875,656,505,370,1178,875,656,505,370,1178,875,656,505,370,1178,875,656,505,370
424,1189,883,663,510,374,1189,883,663,510,374,1189,883,663,510,374,1189,883,663,510,374
425,1200,892,669,514,377,1200,892,669,514,377,1200,892,669,514,377,1200,892,669,514,377
426,1212,900,675,519,381,1212,900,675,519,381,1212,900,675,519,381,1212,900,675,519,381
427,1223,908,681,524,384,1223,908,681,524,384,1223,908,681,524,384,1223,908,681,524,384
428,1234,917,688,529,388,1234,917,688,529,388,1234,917,688,529,388,1234,917,688,529,388
429,1246,926,694,534,392,1246,926,694,534,392,1246,926,694,534,392,1246,926,694,534,392
430,1258,934,701,539,395,1258,934,701,539,395,1258,934,701,539,395,1258,934,701,539,395
431,1269,943,707,544,399,1269,943,707,544,399,1269,943,707,544,399,1269,943,707,544,399
432,1281,952,714,549,403,1281,952,714,549,403,1281,952,714,549,403,1281,952,714,549,403
433,1293,961,720,554,406,1293,961,720,554,406,1293,961,720,554,406,1293,961,720,554,406
434,1305,970,727,559,410,1305,970,727,559,410,1305,970,727,559,410,1305,970,727,559,410
435,1318,979,734,565,414,1318,979,734,565,414,1318,979,734,565,414,1318,979,734,565,414
436,1330,988,741,570,418,1330,988,741,570,418,1330,988,741,570,418,1330,988,741,570,418
437,1342,997,748,575,422,1342,997,748,575,422,1342,997,748,575,422,1342,997,748,575,422
438,1355,1006,755,581,426,1355,1006,755,581,426,1355,1006,755,581,426,1355,1006,755,581,426
439,1368,1016,762,586,430,1368,1016,762,586,430,1368,1016,762,586,430,1368,1016,762,586,430
440,1380,1025,769,592,434,1380,1025,769,592,434,1380,1025,769,592,434,1380,1025,769,592,434
441,1393,1035,776,597,438,1393,1035,776,597,438,1393,1035,776,597,438,1393,1035,776,597,438
442,1406,1045,784,603,442,1406,1045,784,603,442,1406,1045,784,603,442,1406,1045,784,603,442
443,1419,1054,791,608,446,1419,1054,791,608,446,1419,1054,791,608,446,1419,1054,791,608,446
444,1433,1064,798,614,450,1433,1064,798,614,450,1433,1064,798,614,450,1433,1064,798,614,450
445,1446,1074,806,620,455,1446,1074,806,620,455,1446,1074,806,620,455,1446,1074,806,620,455
446,1460,1084,813,626,459,1460,1084,813,626,459,1460,1084,813,626,459,1460,1084,813,626,459
447,1473,1095,821,631,463,1473,1095,821,631,463,1473,1095,821,631,463,1473,1095,821,631,463
448,1487,1105,829,637,467,1487,1105,829,637,467,1487,1105,829,637,467,1487,1105,829,637,467
449,1501,1115,836,643,472,1501,1115,836,643,472,1501,1115,836,643,472,1501,1115,836,643,472
450,1515,1126,844,649,476,1515,1126,844,649,476,1515,1126,844,649,476,1515,1126,844,649,476
451,1529,1136,852,655,481,1529,1136,852,655,481,1529,1136,852,655,481,1529,1136,852,655,481
452,1544,1147,860,662,485,1544,1147,860,662,485,1544,1147,860,662,485,1544,1147,860,662,485
453,1558,1157,868,668,490,1558,1157,868,668,490,1558,1157,868,668,490,1558,1157,868,668,490
454,1573,1168,876,674,494,1573,1168,876,674,494,1573,1168,876,674,494,1573,1168,876,674,494
455,1587,1179,884,680,499,1587,1179,884,680,499,1587,1179,884,680,499,1587,1179,884,680,499
456,1602,1190,893,687,504,1602,1190,893,687,504,1602,1190,893,687,504,1602,1190,893,687,504
457,1617,1201,901,693,508,1617,1201,901,693,508,1617,1201,901,693,508,1617,1201,901,693,508
458,1632,1213,909,700,513,1632,1213,909,700,513,1632,1213,909,700,513,1632,1213,909,700,513
459,1648,1224,918,706,518,1648,1224,918,706,518,1648,1224,918,706,518,1648,1224,918,706,518
460,1663,1235,927,713,523,1663,1235,927,713,523,1663,1235,927,713,523,1663,1235,927,713,523
461,1679,1247,935,719,528,1679,1247,935,719,528,1679,1247,935,719,528,1679,1247,935,719,528
462,1694,1259,944,726,533,1694,1259,944,726,533,1694,1259,944,726,533,1694,1259,944,726,533
463,1710,1270,953,733,538,1710,1270,953,733,538,1710,1270,953,733,538,1710,1270,953,733,538
464,1726,1282,962,740,543,1726,1282,962,740,543,1726,1282,962,740,543,1726,1282,962,740,543
465,1742,1294,971,747,548,1742,1294,971,747,548,1742,1294,971,747,548,1742,1294,971,747,548
466,1759,1306,980,754,553,1759,1306,980,754,553,1759,1306,980,754,553,1759,1306,980,754,553
467,1775,1319,989,761,558,1775,1319,989,761,558,1775,1319,989,761,558,1775,1319,989,761,558
468,1792,1331,998,768,563,1792,1331,998,768,563,1792,1331,998,768,563,1792,1331,998,768,563
469,1809,1344,1008,775,568,1809,1344,1008,775,568,1809,1344,1008,775,568,1809,1344,1008,775,568
470,1825,1356,1017,782,574,1825,1356,1017,782,574,1825,1356,1017,782,574,1825,1356,1017,782,574
471,1843,1369,1027,790,579,1843,1369,1027,790,579,1843,1369,1027,790,579,1843,1369,1027,790,579
472,1860,1382,1036,797,585,1860,1382,1036,797,585,1860,1382,1036,797,585,1860,1382,1036,797,585
473,1877,1395,1046,805,590,1877,1395,1046,805,590,1877,1395,1046,805,590,1877,1395,1046,805,590
474,1895,1408,1056,812,596,1895,1408,1056,812,596,1895,1408,1056,812,596,1895,1408,1056,812,596
475,1913,1421,1066,820,601,1913,1421,1066,820,601,1913,1421,1066,820,601,1913,1421,1066,820,601
476,1930,1434,1076,827,607,1930,1434,1076,827,607,1930,1434,1076,827,607,1930,1434,1076,827,607
477,1949,1447,1086,835,612,1949,1447,1086,835,612,1949,1447,1086,835,612,1949,1447,1086,835,612
478,1967,1461,1096,843,618,1967,1461,1096,843,618,1967,1461,1096,843,618,1967,1461,1096,843,618
479,1985,1475,1106,851,624,1985,1475,1106,851,624,1985,1475,1106,851,624,1985,1475,1106,851,624
480,2004,1489,1116,859,630,2004,1489,1116,859,630,2004,1489,1116,859,630,2004,1489,1116,859,630
481,2023,1502,1127,867,636,2023,1502,1127,867,636,2023,1502,1127,867,636,2023,1502,1127,867,636
482,2041,1517,1137,875,642,2041,1517,1137,875,642,2041,1517,1137,875,642,2041,1517,1137,875,642
483,2061,1531,1148,883,648,2061,1531,1148,883,648,2061,1531,1148,883,648,2061,1531,1148,883,648
484,2080,1545,1159,891,654,2080,1545,1159,891,654,2080,1545,1159,891,654,2080,1545,1159,891,654
485,2099,1559,1170,900,660,2099,1559,1170,900,660,2099,1559,1170,900,660,2099,1559,1170,900,660
486,2119,1574,1181,908,666,2119,1574,1181,908,666,2119,1574,1181,908,666,2119,1574,1181,908,666
487,2139,1589,1192,917,672,2139,1589,1192,917,672,2139,1589,1192,917,672,2139,1589,1192,917,672
488,2159,1604,1203,925,678,2159,1604,1203,925,678,2159,1604,1203,925,678,2159,1604,1203,925,678
489,2179,1619,1214,934,685,2179,1619,1214,934,685,2179,1619,1214,934,685,2179,1619,1214,934,685
490,2199,1634,1225,943,691,2199,1634,1225,943,691,2199,1634,1225,943,691,2199,1634,1225,943,691
491,2220,1649,1237,951,698,2220,1649,1237,951,698,2220,1649,1237,951,698,2220,1649,1237,951,698
492,2241,1665,1248,960,704,2241,1665,1248,960,704,2241,1665,1248,960,704,2241,1665,1248,960,704
493,2262,1680,1260,969,711,2262,1680,1260,969,711,2262,1680,1260,969,711,2262,1680,1260,969,711
494,2283,1696,1272,978,718,2283,1696,1272,978,718,2283,1696,1272,978,718,2283,1696,1272,978,718
495,2304,1712,1284,988,724,2304,1712,1284,988,724,2304,1712,1284,988,724,2304,1712,1284,988,724
496,2326,1728,1296,997,731,2326,1728,1296,997,731,2326,1728,1296,997,731,2326,1728,1296,997,731
497,2348,1744,1308,1006,738,2348,1744,1308,1006,738,2348,1744,1308,1006,738,2348,1744,1308,1006,738
498,2370,1760,1320,1016,745,2370,1760,1320,1016,745,2370,1760,1320,1016,745,2370,1760,1320,1016,745
499,2392,1777,1333,1025,752,2392,1777,1333,1025,752,2392,1777,1333,1025,752,2392,1777,1333,1025,752
500,2414,1793,1345,1035,759,2414,1793,1345,1035,759,2414,1793,1345,1035,759,2414,1793,1345,1035,759
501,2436,1810,1358,1044,766,2436,1810,1358,1044,766,2436,1810,1358,1044,766,2436,1810,1358,1044,766
502,2458,1826,1370,1054,773,2458,1826,1370,1054,773,2458,1826,1370,1054,773,2458,1826,1370,1054,773
503,2480,1843,1383,1063,780,2480,1843,1383,1063,780,2480,1843,1383,1063,780,2480,1843,1383,1063,780
504,2502,1859,1395,1073,787,2502,1859,1395,1073,787,2502,1859,1395,1073,787,2502,1859,1395,1073,787
505,2524,1876,1408,1082,794,2524,1876,1408,1082,794,2524,1876,1408,1082,794,2524,1876,1408,1082,794
506,2546,1892,1420,1092,801,2546,1892,1420,1092,801,2546,1892,1420,1092,801,2546,1892,1420,1092,801
507,2568,1909,1433,1101,808,2568,1909,1433,1101,808,2568,1909,1433,1101,808,2568,1909,1433,1101,808
508,2590,1925,1445,1111,815,2590,1925,1445,1111,815,2590,1925,1445,1111,815,2590,1925,1445,1111,815
509,2612,1942,1458,1120,822,2612,1942,1458,1120,822,2612,1942,1458,1120,822,2612,1942,1458,1120,822
510,2634,1958,1470,1130,829,2634,1958,1470,1130,829,2634,1958,1470,1130,829,2634,1958,1470,1130,829
511,2656,1975,1483,1139,836,2656,1975,1483,1139,836,2656,1975,1483,1139,836,2656,1975,1483,1139,836
512,2678,1991,1495,1149,843,2678,1991,1495,1149,843,2678,1991,1495,1149,843,2678,1991,1495,1149,843
513,2700,2008,1508,1158,850,2700,2008,1508,1158,850,2700,2008,1508,1158,850,2700,2008,1508,1158,850
514,2722,2024,1520,1168,857,2722,2024,1520,1168,857,2722,2024,1520,1168,857,2722,2024,1520,1168,857
515,2744,2041,1533,1177,864,2744,2041,1533,1177,864,2744,2041,1533,1177,864,2744,2041,1533,1177,864
516,2766,2057,1545,1187,871,2766,2057,1545,1187,871,2766,2057,1545,1187,871,2766,2057,1545,1187,871
517,2788,2074,1558,1196,878,2788,2074,1558,1196,878,2788,2074,1558,1196,878,2788,2074,1558,1196,878
518,2810,2090,1570,1206,885,2810,2090,1570,1206,885,2810,2090,1570,1206,885,2810,2090,1570,1206,885
519,2832,2107,1583,1215,892,2832,2107,1583,1215,892,2832,2107,1583,1215,892,2832,2107,1583,1215,892
520,2854,2123,1595,1225,899,2854,2123,1595,1225,899,2854,2123,1595,1225,899,2854,2123,1595,1225,899
521,2876,2140,1608,1234,906,2876,2140,1608,1234,906,2876,2140,1608,1234,906,2876,2140,1608,1234,906
522,2898,2156,1620,1244,913,2898,2156,1620,1244,913,2898,2156,1620,1244,913,2898,2156,1620,1244,913
523,2920,2173,1633,1253,920,2920,2173,1633,1253,920,2920,2173,1633,1253,920,2920,2173,1633,1253,920
524,2942,2189,1645,1263,927,2942,2189,1645,1263,927,2942,2189,1645,1263,927,2942,2189,1645,1263,927
525,2964,2206,1658,1272,934,2964,2206,1658,1272,934,2964,2206,1658,1272,934,2964,2206,1658,1272,934
526,2986,2222,1670,1282,941,2986,2222,1670,1282,941,2986,2222,1670,1282,941,2986,2222,1670,1282,941
527,3008,2239,1683,1291,948,3008,2239,1683,1291,948,3008,2239,1683,1291,948,3008,2239,1683,1291,948
528,3030,2255,1695,1301,955,3030,2255,1695,1301,955,3030,2255,1695,1301,955,3030,2255,1695,1301,955
529,3052,2272,1708,1310,962,3052,2272,1708,1310,962,3052,2272,1708,1310,962,3052,2272,1708,1310,962
530,3074,2288,1720,1320,969,3074,2288,1720,1320,969,3074,2288,1720,1320,969,3074,2288,1720,1320,969
531,3096,2305,1733,1329,976,3096,2305,1733,1329,976,3096,2305,1733,1329,976,3096,2305,1733,1329,976
532,3118,2321,1745,1339,983,3118,2321,1745,1339,983,3118,2321,1745,1339,983,3118,2321,1745,1339,983
533,3140,2338,1758,1348,990,3140,2338,1758,1348,990,3140,2338,1758,1348,990,3140,2338,1758,1348,990
534,3162,2354,1770,1358,997,3162,2354,1770,1358,997,3162,2354,1770,1358,997,3162,2354,1770,1358,997
535,3184,2371,1783,1367,1004,3184,2371,1783,1367,1004,3184,2371,1783,1367,1004,3184,2371,1783,1367,1004
536,3206,2387,1795,1377,1011,3206,2387,1795,1377,1011,3206,2387,1795,1377,1011,3206,2387,1795,1377,1011
537,3228,2404,1808,1386,1018,3228,2404,1808,1386,1018,3228,2404,1808,1386,1018,3228,2404,1808,1386,1018
538,3250,2420,1820,1396,1025,3250,2420,1820,1396,1025,3250,2420,1820,1396,1025,3250,2420,1820,1396,1025
539,3272,2437,1833,1405,1032,3272,2437,1833,1405,1032,3272,2437,1833,1405,1032,3272,2437,1833,1405,1032
540,3294,2453,1845,1415,1039,3294,2453,1845,1415,1039,3294,2453,1845,1415,1039,3294,2453,1845,1415,1039
541,3316,2470,1858,1424,1046,3316,2470,1858,1424,1046,3316,2470,1858,1424,1046,3316,2470,1858,1424,1046
542,3338,2486,1870,1434,1053,3338,2486,1870,1434,1053,3338,2486,1870,1434,1053,3338,2486,1870,1434,1053
543,3360,2503,1883,1443,1060,3360,2503,1883,1443,1060,3360,2503,1883,1443,1060,3360,2503,1883,1443,1060
544,3382,2519,1895,1453,1067,3382,2519,1895,1453,1067,3382,2519,1895,1453,1067,3382,2519,1895,1453,1067
545,3404,2536,1908,1462,1074,3404,2536,1908,1462,1074,3404,2536,1908,1462,1074,3404,2536,1908,1462,1074
546,3426,2552,1920,1472,1081,3426,2552,1920,1472,1081,3426,2552,1920,1472,1081,3426,2552,1920,1472,1081
547,3448,2569,1933,1481,1088,3448,2569,1933,1481,1088,3448,2569,1933,1481,1088,3448,2569,1933,1481,1088
548,3470,2585,1945,1491,1095,3470,2585,1945,1491,1095,3470,2585,1945,1491,1095,3470,2585,1945,1491,1095
549,3492,2602,1958,1500,1102,3492,2602,1958,1500,1102,3492,2602,1958,1500,1102,3492,2602,1958,1500,1102
550,3514,2618,1970,1510,1109,3514,2618,1970,1510,1109,3514,2618,1970,1510,1109,3514,2618,1970,1510,1109
551,3536,2635,1983,1519,1116,3536,2635,1983,1519,1116,3536,2635,1983,1519,1116,3536,2635,1983,1519,1116
552,3558,2651,1995,1529,1123,3558,2651,1995,1529,1123,3558,2651,1995,1529,1123,3558,2651,1995,1529,1123
553,3580,2668,2008,1538,1130,3580,2668,2008,1538,1130,3580,2668,2008,1538,1130,3580,2668,2008,1538,1130
554,3602,2684,2020,1548,1137,3602,2684,2020,1548,1137,3602,2684,2020,1548,1137,3602,2684,2020,1548,1137
555,3624,2701,2033,1557,1144,3624,2701,2033,1557,1144,3624,2701,2033,1557,1144,3624,2701,2033,1557,1144
556,3646,2717,2045,1567,1151,3646,2717,2045,1567,1151,3646,2717,2045,1567,1151,3646,2717,2045,1567,1151
557,3668,2734,2058,1576,1158,3668,2734,2058,1576,1158,3668,2734,2058,1576,1158,3668,2734,2058,1576,1158
558,3690,2750,2070,1586,1165,3690,2750,2070,1586,1165,3690,2750,2070,1586,1165,3690,2750,2070,1586,1165
559,3712,2767,2083,1595,1172,3712,2767,2083,1595,1172,3712,2767,2083,1595,1172,3712,2767,2083,1595,1172
560,3734,2783,2095,1605,1179,3734,2783,2095,1605,1179,3734,2783,2095,1605,1179,3734,2783,2095,1605,1179
561,3756,2800,2108,1614,1186,3756,2800,2108,1614,1186,3756,2800,2108,1614,1186,3756,2800,2108,1614,1186
562,3778,2816,2120,1624,1193,3778,2816,2120,1624,1193,3778,2816,2120,1624,1193,3778,2816,2120,1624,1193
563,3800,2833,2133,1633,1200,3800,2833,2133,1633,1200,3800,2833,2133,1633,1200,3800,2833,2133,1633,1200
564,3822,2849,2145,1643,1207,3822,2849,2145,1643,1207,3822,2849,2145,1643,1207,3822,2849,2145,1643,1207
565,3844,2866,2158,1652,1214,3844,2866,2158,1652,1214,3844,2866,2158,1652,1214,3844,2866,2158,1652,1214
566,3866,2882,2170,1662,1221,3866,2882,2170,1662,1221,3866,2882,2170,1662,1221,3866,2882,2170,1662,1221
567,3888,2899,2183,1671,1228,3888,2899,2183,1671,1228,3888,2899,2183,1671,1228,3888,2899,2183,1671,1228
568,3910,2915,2195,1681,1235,3910,2915,2195,1681,1235,3910,2915,2195,1681,1235,3910,2915,2195,1681,1235
569,3932,2932,2208,1690,1242,3932,2932,2208,1690,1242,3932,2932,2208,1690,1242,3932,2932,2208,1690,1242
570,3954,2948,2220,1700,1249,3954,2948,2220,1700,1249,3954,2948,2220,1700,1249,3954,2948,2220,1700,1249
571,3976,2965,2233,1709,1256,3976,2965,2233,1709,1256,3976,2965,2233,1709,1256,3976,2965,2233,1709,1256
572,3998,2981,2245,1719,1263,3998,2981,2245,1719,1263,3998,2981,2245,1719,1263,3998,2981,2245,1719,1263
573,4020,2998,2258,1728,1270,4020,2998,2258,1728,1270,4020,2998,2258,1728,1270,4020,2998,2258,1728,1270
574,4042,3014,2270,1738,1277,4042,3014,2270,1738,1277,4042,3014,2270,1738,1277,4042,3014,2270,1738,1277
575,4064,3031,2283,1747,1284,4064,3031,2283,1747,1284,4064,3031,2283,1747,1284,4064,3031,2283,1747,1284
576,4086,3047,2295,1757,1291,4086,3047,2295,1757,1291,4086,3047,2295,1757,1291,4086,3047,2295,1757,1291
577,4108,3064,2308,1766,1298,4108,3064,2308,1766,1298,4108,3064,2308,1766,1298,4108,3064,2308,1766,1298
578,4130,3080,2320,1776,1305,4130,3080,2320,1776,1305,4130,3080,2320,1776,1305,4130,3080,2320,1776,1305
579,4152,3097,2333,1785,1312,4152,3097,2333,1785,1312,4152,3097,2333,1785,1312,4152,3097,2333,1785,1312
580,4174,3113,2345,1795,1319,4174,3113,2345,1795,1319,4174,3113,2345,1795,1319,4174,3113,2345,1795,1319
581,4196,3130,2358,1804,1326,4196,3130,2358,1804,1326,4196,3130,2358,1804,1326,4196,3130,2358,1804,1326
582,4218,3146,2370,1814,1333,4218,3146,2370,1814,1333,4218,3146,2370,1814,1333,4218,3146,2370,1814,1333
583,4240,3163,2383,1823,1340,4240,3163,2383,1823,1340,4240,3163,2383,1823,1340,4240,3163,2383,1823,1340
584,4262,3179,2395,1833,1347,4262,3179,2395,1833,1347,4262,3179,2395,1833,1347,4262,3179,2395,1833,1347
585,4284,3196,2408,1842,1354,4284,3196,2408,1842,1354,4284,3196,2408,1842,1354,4284,3196,2408,1842,1354
586,4306,3212,2420,1852,1361,4306,3212,2420,1852,1361,4306,3212,2420,1852,1361,4306,3212,2420,1852,1361
587,4328,3229,2433,1861,1368,4328,3229,2433,1861,1368,4328,3229,2433,1861,1368,4328,3229,2433,1861,1368
588,4350,3245,2445,1871,1375,4350,3245,2445,1871,1375,4350,3245,2445,1871,1375,4350,3245,2445,1871,1375
589,4372,3262,2458,1880,1382,4372,3262,2458,1880,1382,4372,3262,2458,1880,1382,4372,3262,2458,1880,1382
590,4394,3278,2470,1890,1389,4394,3278,2470,1890,1389,4394,3278,2470,1890,1389,4394,3278,2470,1890,1389
591,4416,3295,2483,1899,1396,4416,3295,2483,1899,1396,4416,3295,2483,1899,1396,4416,3295,2483,1899,1396
592,4438,3311,2495,1909,1403,4438,3311,2495,1909,1403,4438,3311,2495,1909,1403,4438,3311,2495,1909,1403
593,4460,3328,2508,1918,1410,4460,3328,2508,1918,1410,4460,3328,2508,1918,1410,4460,3328,2508,1918,1410
594,4482,3344,2520,1928,1417,4482,3344,2520,1928,1417,4482,3344,2520,1928,1417,4482,3344,2520,1928,1417
595,4504,3361,2533,1937,1424,4504,3361,2533,1937,1424,4504,3361,2533,1937,1424,4504,3361,2533,1937,1424
596,4526,3377,2545,1947,1431,4526,3377,2545,1947,1431,4526,3377,2545,1947,1431,4526,3377,2545,1947,1431
597,4548,3394,2558,1956,1438,4548,3394,2558,1956,1438,4548,3394,2558,1956,1438,4548,3394,2558,1956,1438
598,4570,3410,2570,1966,1445,4570,3410,2570,1966,1445,4570,3410,2570,1966,1445,4570,3410,2570,1966,1445
599,4592,3427,2583,1975,1452,4592,3427,2583,1975,1452,4592,3427,2583,1975,1452,4592,3427,2583,1975,1452
600,4614,3443,2595,1985,1459,4614,3443,2595,1985,1459,4614,3443,2595,1985,1459,4614,3443,2595,1985,1459
601,4636,3460,2608,1994,1466,4636,3460,2608,1994,1466,4636,3460,2608,1994,1466,4636,3460,2608,1994,1466
602,4658,3476,2620,2004,1473,4658,3476,2620,2004,1473,4658,3476,2620,2004,1473,4658,3476,2620,2004,1473
603,4680,3493,2633,2013,1480,4680,3493,2633,2013,1480,4680,3493,2633,2013,1480,4680,3493,2633,2013,1480
604,4702,3509,2645,2023,1487,4702,3509,2645,2023,1487,4702,3509,2645,2023,1487,4702,3509,2645,2023,1487
605,4724,3526,2658,2032,1494,4724,3526,2658,2032,1494,4724,3526,2658,2032,1494,4724,3526,2658,2032,1494
606,4746,3542,2670,2042,1501,4746,3542,2670,2042,1501,4746,3542,2670,2042,1501,4746,3542,2670,2042,1501
607,4768,3559,2683,2051,1508,4768,3559,2683,2051,1508,4768,3559,2683,2051,1508,4768,3559,2683,2051,1508
608,4790,3575,2695,2061,1515,4790,3575,2695,2061,1515,4790,3575,2695,2061,1515,4790,3575,2695,2061,1515
609,4812,3592,2708,2070,1522,4812,3592,2708,2070,1522,4812,3592,2708,2070,1522,4812,3592,2708,2070,1522
610,4834,3608,2720,2080,1529,4834,3608,2720,2080,1529,4834,3608,2720,2080,1529,4834,3608,2720,2080,1529
611,4856,3625,2733,2089,1536,4856,3625,2733,2089,1536,4856,3625,2733,2089,1536,4856,3625,2733,2089,1536
612,4878,3641,2745,2099,1543,4878,3641,2745,2099,1543,4878,3641,2745,2099,1543,4878,3641,2745,2099,1543
613,4900,3658,2758,2108,1550,4900,3658,2758,2108,1550,4900,3658,2758,2108,1550,4900,3658,2758,2108,1550
614,4922,3674,2770,2118,1557,4922,3674,2770,2118,1557,4922,3674,2770,2118,1557,4922,3674,2770,2118,1557
615,4944,3691,2783,2127,1564,4944,3691,2783,2127,1564,4944,3691,2783,2127,1564,4944,3691,2783,2127,1564
616,4966,3707,2795,2137,1571,4966,3707,2795,2137,1571,4966,3707,2795,2137,1571,4966,3707,2795,2137,1571
617,4988,3724,2808,2146,1578,4988,3724,2808,2146,1578,4988,3724,2808,2146,1578,4988,3724,2808,2146,1578
618,5010,3740,2820,2156,1585,5010,3740,2820,2156,1585,5010,3740,2820,2156,1585,5010,3740,2820,2156,1585
619,5032,3757,2833,2165,1592,5032,3757,2833,2165,1592,5032,3757,2833,2165,1592,5032,3757,2833,2165,1592
620,5054,3773,2845,2175,1599,5054,3773,2845,2175,1599,5054,3773,2845,2175,1599,5054,3773,2845,2175,1599
621,5076,3790,2858,2184,1606,5076,3790,2858,2184,1606,5076,3790,2858,2184,1606,5076,3790,2858,2184,1606
622,5098,3806,2870,2194,1613,5098,3806,2870,2194,1613,5098,3806,2870,2194,1613,5098,3806,2870,2194,1613
623,5120,3823,2883,2203,1620,5120,3823,2883,2203,1620,5120,3823,2883,2203,1620,5120,3823,2883,2203,1620
624,5142,3839,2895,2213,1627,5142,3839,2895,2213,1627,5142,3839,2895,2213,1627,5142,3839,2895,2213,1627
625,5164,3856,2908,2222,1634,5164,3856,2908,2222,1634,5164,3856,2908,2222,1634,5164,3856,2908,2222,1634
626,5186,3872,2920,2232,1641,5186,3872,2920,2232,1641,5186,3872,2920,2232,1641,5186,3872,2920,2232,1641
627,5208,3889,2933,2241,1648,5208,3889,2933,2241,1648,5208,3889,2933,2241,1648,5208,3889,2933,2241,1648
628,5230,3905,2945,2251,1655,5230,3905,2945,2251,1655,5230,3905,2945,2251,1655,5230,3905,2945,2251,1655
629,5252,3922,2958,2260,1662,5252,3922,2958,2260,1662,5252,3922,2958,2260,1662,5252,3922,2958,2260,1662
630,5274,3938,2970,2270,1669,5274,3938,2970,2270,1669,5274,3938,2970,2270,1669,5274,3938,2970,2270,1669
631,5296,3955,2983,2279,1676,5296,3955,2983,2279,1676,5296,3955,2983,2279,1676,5296,3955,2983,2279,1676
632,5318,3971,2995,2289,1683,5318,3971,2995,2289,1683,5318,3971,2995,2289,1683,5318,3971,2995,2289,1683
633,5340,3988,3008,2298,1690,5340,3988,3008,2298,1690,5340,3988,3008,2298,1690,5340,3988,3008,2298,1690
634,5362,4004,3020,2308,1697,5362,4004,3020,2308,1697,5362,4004,3020,2308,1697,5362,4004,3020,2308,1697
635,5384,4021,3033,2317,1704,5384,4021,3033,2317,1704,5384,4021,3033,2317,1704,5384,4021,3033,2317,1704
636,5406,4037,3045,2327,1711,5406,4037,3045,2327,1711,5406,4037,3045,2327,1711,5406,4037,3045,2327,1711
637,5428,4054,3058,2336,1718,5428,4054,3058,2336,1718,5428,4054,3058,2336,1718,5428,4054,3058,2336,1718
638,5450,4070,3070,2346,1725,5450,4070,3070,2346,1725,5450,4070,3070,2346,1725,5450,4070,3070,2346,1725
639,5472,4087,3083,2355,1732,5472,4087,3083,2355,1732,5472,4087,3083,2355,1732,5472,4087,3083,2355,1732
640,5494,4103,3095,2365,1739,5494,4103,3095,2365,1739,5494,4103,3095,2365,1739,5494,4103,3095,2365,1739
641,5516,4120,3108,2374,1746,5516,4120,3108,2374,1746,5516,4120,3108,2374,1746,5516,4120,3108,2374,1746
642,5538,4136,3120,2384,1753,5538,4136,3120,2384,1753,5538,4136,3120,2384,1753,5538,4136,3120,2384,1753
643,5560,4153,3133,2393,1760,5560,4153,3133,2393,1760,5560,4153,3133,2393,1760,5560,4153,3133,2393,1760
644,5582,4169,3145,2403,1767,5582,4169,3145,2403,1767,5582,4169,3145,2403,1767,5582,4169,3145,2403,1767
645,5604,4186,3158,2412,1774,5604,4186,3158,2412,1774,5604,4186,3158,2412,1774,5604,4186,3158,2412,1774
646,5626,4202,3170,2422,1781,5626,4202,3170,2422,1781,5626,4202,3170,2422,1781,5626,4202,3170,2422,1781
647,5648,4219,3183,2431,1788,5648,4219,3183,2431,1788,5648,4219,3183,2431,1788,5648,4219,3183,2431,1788
648,5670,4235,3195,2441,1795,5670,4235,3195,2441,1795,5670,4235,3195,2441,1795,5670,4235,3195,2441,1795
649,5692,4252,3208,2450,1802,5692,4252,3208,2450,1802,5692,4252,3208,2450,1802,5692,4252,3208,2450,1802
650,5714,4268,3220,2460,1809,5714,4268,3220,2460,1809,5714,4268,3220,2460,1809,5714,4268,3220,2460,1809
651,5736,4285,3233,2469,1816,5736,4285,3233,2469,1816,5736,4285,3233,2469,1816,5736,4285,3233,2469,1816
652,5758,4301,3245,2479,1823,5758,4301,3245,2479,1823,5758,4301,3245,2479,1823,5758,4301,3245,2479,1823
653,5780,4318,3258,2488,1830,5780,4318,3258,2488,1830,5780,4318,3258,2488,1830,5780,4318,3258,2488,1830
654,5802,4334,3270,2498,1837,5802,4334,3270,2498,1837,5802,4334,3270,2498,1837,5802,4334,3270,2498,1837
655,5824,4351,3283,2507,1844,5824,4351,3283,2507,1844,5824,4351,3283,2507,1844,5824,4351,3283,2507,1844
656,5846,4367,3295,2517,1851,5846,4367,3295,2517,1851,5846,4367,3295,2517,1851,5846,4367,3295,2517,1851
657,5868,4384,3308,2526,1858,5868,4384,3308,2526,1858,5868,4384,3308,2526,1858,5868,4384,3308,2526,1858
658,5890,4400,3320,2536,1865,5890,4400,3320,2536,1865,5890,4400,3320,2536,1865,5890,4400,3320,2536,1865
659,5912,4417,3333,2545,1872,5912,4417,3333,2545,1872,5912,4417,3333,2545,1872,5912,4417,3333,2545,1872
660,5934,4433,3345,2555,1879,5934,4433,3345,2555,1879,5934,4433,3345,2555,1879,5934,4433,3345,2555,1879
661,5956,4450,3358,2564,1886,5956,4450,3358,2564,1886,5956,4450,3358,2564,1886,5956,4450,3358,2564,1886
662,5978,4466,3370,2574,1893,5978,4466,3370,2574,1893,5978,4466,3370,2574,1893,5978,4466,3370,2574,1893
663,6000,4483,3383,2583,1900,6000,4483,3383,2583,1900,6000,4483,3383,2583,1900,6000,4483,3383,2583,1900
664,6022,4499,3395,2593,1907,6022,4499,3395,2593,1907,6022,4499,3395,2593,1907,6022,4499,3395,2593,1907
665,6044,4516,3408,2602,1914,6044,4516,3408,2602,1914,6044,4516,3408,2602,1914,6044,4516,3408,2602,1914
666,6066,4532,3420,2612,1921,6066,4532,3420,2612,1921,6066,4532,3420,2612,1921,6066,4532,3420,2612,1921
667,6088,4549,3433,2621,1928,6088,4549,3433,2621,1928,6088,4549,3433,2621,1928,6088,4549,3433,2621,1928
668,6110,4565,3445,2631,1935,6110,4565,3445,2631,1935,6110,4565,3445,2631,1935,6110,4565,3445,2631,1935
669,6132,4582,3458,2640,1942,6132,4582,3458,2640,1942,6132,4582,3458,2640,1942,6132,4582,3458,2640,1942
670,6154,4598,3470,2650,1949,6154,4598,3470,2650,1949,6154,4598,3470,2650,1949,6154,4598,3470,2650,1949
671,6176,4615,3483,2659,1956,6176,4615,3483,2659,1956,6176,4615,3483,2659,1956,6176,4615,3483,2659,1956
672,6198,4631,3495,2669,1963,6198,4631,3495,2669,1963,6198,4631,3495,2669,1963,6198,4631,3495,2669,1963
673,6220,4648,3508,2678,1970,6220,4648,3508,2678,1970,6220,4648,3508,2678,1970,6220,4648,3508,2678,1970
674,6242,4664,3520,2688,1977,6242,4664,3520,2688,1977,6242,4664,3520,2688,1977,6242,4664,3520,2688,1977
675,6264,4681,3533,2697,1984,6264,4681,3533,2697,1984,6264,4681,3533,2697,1984,6264,4681,3533,2697,1984
676,6286,4697,3545,2707,1991,6286,4697,3545,2707,1991,6286,4697,3545,2707,1991,6286,4697,3545,2707,1991
677,6308,4714,3558,2716,1998,6308,4714,3558,2716,1998,6308,4714,3558,2716,1998,6308,4714,3558,2716,1998
678,6330,4730,3570,2726,2005,6330,4730,3570,2726,2005,6330,4730,3570,2726,2005,6330,4730,3570,2726,2005
679,6352,4747,3583,2735,2012,6352,4747,3583,2735,2012,6352,4747,3583,2735,2012,6352,4747,3583,2735,2012
680,6374,4763,3595,2745,2019,6374,4763,3595,2745,2019,6374,4763,3595,2745,2019,6374,4763,3595,2745,2019
681,6396,4780,3608,2754,2026,6396,4780,3608,2754,2026,6396,4780,3608,2754,2026,6396,4780,3608,2754,2026
682,6418,4796,3620,2764,2033,6418,4796,3620,2764,2033,6418,4796,3620,2764,2033,6418,4796,3620,2764,2033
683,6440,4813,3633,2773,2040,6440,4813,3633,2773,2040,6440,4813,3633,2773,2040,6440,4813,3633,2773,2040
684,6462,4829,3645,2783,2047,6462,4829,3645,2783,2047,6462,4829,3645,2783,2047,6462,4829,3645,2783,2047
685,6484,4846,3658,2792,2054,6484,4846,3658,2792,2054,6484,4846,3658,2792,2054,6484,4846,3658,2792,2054
686,6506,4862,3670,2802,2061,6506,4862,3670,2802,2061,6506,4862,3670,2802,2061,6506,4862,3670,2802,2061
687,6528,4879,3683,2811,2068,6528,4879,3683,2811,2068,6528,4879,3683,2811,2068,6528,4879,3683,2811,2068
688,6550,4895,3695,2821,2075,6550,4895,3695,2821,2075,6550,4895,3695,2821,2075,6550,4895,3695,2821,2075
689,6572,4912,3708,2830,2082,6572,4912,3708,2830,2082,6572,4912,3708,2830,2082,6572,4912,3708,2830,2082
690,6594,4928,3720,2840,2089,6594,4928,3720,2840,2089,6594,4928,3720,2840,2089,6594,4928,3720,2840,2089
691,6616,4945,3733,2849,2096,6616,4945,3733,2849,2096,6616,4945,3733,2849,2096,6616,4945,3733,2849,2096
692,6638,4961,3745,2859,2103,6638,4961,3745,2859,2103,6638,4961,3745,2859,2103,6638,4961,3745,2859,2103
693,6660,4978,3758,2868,2110,6660,4978,3758,2868,2110,6660,4978,3758,2868,2110,6660,4978,3758,2868,2110
694,6682,4994,3770,2878,2117,6682,4994,3770,2878,2117,6682,4994,3770,2878,2117,6682,4994,3770,2878,2117
695,6704,5011,3783,2887,2124,6704,5011,3783,2887,2124,6704,5011,3783,2887,2124,6704,5011,3783,2887,2124
696,6726,5027,3795,2897,2131,6726,5027,3795,2897,2131,6726,5027,3795,2897,2131,6726,5027,3795,2897,2131
697,6748,5044,3808,2906,2138,6748,5044,3808,2906,2138,6748,5044,3808,2906,2138,6748,5044,3808,2906,2138
698,6770,5060,3820,2916,2145,6770,5060,3820,2916,2145,6770,5060,3820,2916,2145,6770,5060,3820,2916,2145
699,6792,5077,3833,2925,2152,6792,5077,3833,2925,2152,6792,5077,3833,2925,2152,6792,5077,3833,2925,2152
700,6814,5093,3845,2935,2159,6814,5093,3845,2935,2159,6814,5093,3845,2935,2159,6814,5093,3845,2935,2159
701,6836,5110,3858,2944,2166,6836,5110,3858,2944,2166,6836,5110,3858,2944,2166,6836,5110,3858,2944,2166
702,6858,5126,3870,2954,2173,6858,5126,3870,2954,2173,6858,5126,3870,2954,2173,6858,5126,3870,2954,2173
703,6880,5143,3883,2963,2180,6880,5143,3883,2963,2180,6880,5143,3883,2963,2180,6880,5143,3883,2963,2180
704,6902,5159,3895,2973,2187,6902,5159,3895,2973,2187,6902,5159,3895,2973,2187,6902,5159,3895,2973,2187
705,6924,5176,3908,2982,2194,6924,5176,3908,2982,2194,6924,5176,3908,2982,2194,6924,5176,3908,2982,2194
706,6946,5192,3920,2992,2201,6946,5192,3920,2992,2201,6946,5192,3920,2992,2201,6946,5192,3920,2992,2201
707,6968,5209,3933,3001,2208,6968,5209,3933,3001,2208,6968,5209,3933,3001,2208,6968,5209,3933,3001,2208
708,6990,5225,3945,3011,2215,6990,5225,3945,3011,2215,6990,5225,3945,3011,2215,6990,5225,3945,3011,2215
709,7012,5242,3958,3020,2222,7012,5242,3958,3020,2222,7012,5242,3958,3020,2222,7012,5242,3958,3020,2222
710,7034,5258,3970,3030,2229,7034,5258,3970,3030,2229,7034,5258,3970,3030,2229,7034,5258,3970,3030,2229
711,7056,5275,3983,3039,2236,7056,5275,3983,3039,2236,7056,5275,3983,3039,2236,7056,5275,3983,3039,2236
712,7078,5291,3995,3049,2243,7078,5291,3995,3049,2243,7078,5291,3995,3049,2243,7078,5291,3995,3049,2243
713,7100,5308,4008,3058,2250,7100,5308,4008,3058,2250,7100,5308,4008,3058,2250,7100,5308,4008,3058,2250
714,7122,5324,4020,3068,2257,7122,5324,4020,3068,2257,7122,5324,4020,3068,2257,7122,5324,4020,3068,2257
715,7144,5341,4033,3077,2264,7144,5341,4033,3077,2264,7144,5341,4033,3077,2264,7144,5341,4033,3077,2264
716,7166,5357,4045,3087,2271,7166,5357,4045,3087,2271,7166,5357,4045,3087,2271,7166,5357,4045,3087,2271
717,7188,5374,4058,3096,2278,7188,5374,4058,3096,2278,7188,5374,4058,3096,2278,7188,5374,4058,3096,2278
718,7210,5390,4070,3106,2285,7210,5390,4070,3106,2285,7210,5390,4070,3106,2285,7210,5390,4070,3106,2285
719,7232,5407,4083,3115,2292,7232,5407,4083,3115,2292,7232,5407,4083,3115,2292,7232,5407,4083,3115,2292
720,7254,5423,4095,3125,2299,7254,5423,4095,3125,2299,7254,5423,4095,3125,2299,7254,5423,4095,3125,2299
721,7276,5440,4108,3134,2306,7276,5440,4108,3134,2306,7276,5440,4108,3134,2306,7276,5440,4108,3134,2306
722,7298,5456,4120,3144,2313,7298,5456,4120,3144,2313,7298,5456,4120,3144,2313,7298,5456,4120,3144,2313
723,7320,5473,4133,3153,2320,7320,5473,4133,3153,2320,7320,5473,4133,3153,2320,7320,5473,4133,3153,2320
724,7342,5489,4145,3163,2327,7342,5489,4145,3163,2327,7342,5489,4145,3163,2327,7342,5489,4145,3163,2327
725,7364,5506,4158,3172,2334,7364,5506,4158,3172,2334,7364,5506,4158,3172,2334,7364,5506,4158,3172,2334
726,7386,5522,4170,3182,2341,7386,5522,4170,3182,2341,7386,5522,4170,3182,2341,7386,5522,4170,3182,2341
727,7408,5539,4183,3191,2348,7408,5539,4183,3191,2348,7408,5539,4183,3191,2348,7408,5539,4183,3191,2348
728,7430,5555,4195,3201,2355,7430,5555,4195,3201,2355,7430,5555,4195,3201,2355,7430,5555,4195,3201,2355
729,7452,5572,4208,3210,2362,7452,5572,4208,3210,2362,7452,5572,4208,3210,2362,7452,5572,4208,3210,2362
730,7474,5588,4220,3220,2369,7474,5588,4220,3220,2369,7474,5588,4220,3220,2369,7474,5588,4220,3220,2369
731,7496,5605,4233,3229,2376,7496,5605,4233,3229,2376,7496,5605,4233,3229,2376,7496,5605,4233,3229,2376
732,7518,5621,4245,3239,2383,7518,5621,4245,3239,2383,7518,5621,4245,3239,2383,7518,5621,4245,3239,2383
733,7540,5638,4258,3248,2390,7540,5638,4258,3248,2390,7540,5638,4258,3248,2390,7540,5638,4258,3248,2390
734,7562,5654,4270,3258,2397,7562,5654,4270,3258,2397,7562,5654,4270,3258,2397,7562,5654,4270,3258,2397
735,7584,5671,4283,3267,2404,7584,5671,4283,3267,2404,7584,5671,4283,3267,2404,7584,5671,4283,3267,2404
736,7606,5687,4295,3277,2411,7606,5687,4295,3277,2411,7606,5687,4295,3277,2411,7606,5687,4295,3277,2411
737,7628,5704,4308,3286,2418,7628,5704,4308,3286,2418,7628,5704,4308,3286,2418,7628,5704,4308,3286,2418
738,7650,5720,4320,3296,2425,7650,5720,4320,3296,2425,7650,5720,4320,3296,2425,7650,5720,4320,3296,2425
739,7672,5737,4333,3305,2432,7672,5737,4333,3305,2432,7672,5737,4333,3305,2432,7672,5737,4333,3305,2432
740,7694,5753,4345,3315,2439,7694,5753,4345,3315,2439,7694,5753,4345,3315,2439,7694,5753,4345,3315,2439
741,7716,5770,4358,3324,2446,7716,5770,4358,3324,2446,7716,5770,4358,3324,2446,7716,5770,4358,3324,2446
742,7738,5786,4370,3334,2453,7738,5786,4370,3334,2453,7738,5786,4370,3334,2453,7738,5786,4370,3334,2453
743,7760,5803,4383,3343,2460,7760,5803,4383,3343,2460,7760,5803,4383,3343,2460,7760,5803,4383,3343,2460
744,7782,5819,4395,3353,2467,7782,5819,4395,3353,2467,7782,5819,4395,3353,2467,7782,5819,4395,3353,2467
745,7804,5836,4408,3362,2474,7804,5836,4408,3362,2474,7804,5836,4408,3362,2474,7804,5836,4408,3362,2474
746,7826,5852,4420,3372,2481,7826,5852,4420,3372,2481,7826,5852,4420,3372,2481,7826,5852,4420,3372,2481
747,7848,5869,4433,3381,2488,7848,5869,4433,3381,2488,7848,5869,4433,3381,2488,7848,5869,4433,3381,2488
748,7870,5885,4445,3391,2495,7870,5885,4445,3391,2495,7870,5885,4445,3391,2495,7870,5885,4445,3391,2495
749,7892,5902,4458,3400,2502,7892,5902,4458,3400,2502,7892,5902,4458,3400,2502,7892,5902,4458,3400,2502
750,7914,5918,4470,3410,2509,7914,5918,4470,3410,2509,7914,5918,4470,3410,2509,7914,5918,4470,3410,2509
751,7936,5935,4483,3419,2516,7936,5935,4483,3419,2516,7936,5935,4483,3419,2516,7936,5935,4483,3419,2516
752,7958,5951,4495,3429,2523,7958,5951,4495,3429,2523,7958,5951,4495,3429,2523,7958,5951,4495,3429,2523
753,7980,5968,4508,3438,2530,7980,5968,4508,3438,2530,7980,5968,4508,3438,2530,7980,5968,4508,3438,2530
754,8002,5984,4520,3448,2537,8002,5984,4520,3448,2537,8002,5984,4520,3448,2537,8002,5984,4520,3448,2537
755,8024,6001,4533,3457,2544,8024,6001,4533,3457,2544,8024,6001,4533,3457,2544,8024,6001,4533,3457,2544
756,8046,6017,4545,3467,2551,8046,6017,4545,3467,2551,8046,6017,4545,3467,2551,8046,6017,4545,3467,2551
757,8068,6034,4558,3476,2558,8068,6034,4558,3476,2558,8068,6034,4558,3476,2558,8068,6034,4558,3476,2558
758,8090,6050,4570,3486,2565,8090,6050,4570,3486,2565,8090,6050,4570,3486,2565,8090,6050,4570,3486,2565
759,8112,6067,4583,3495,2572,8112,6067,4583,3495,2572,8112,6067,4583,3495,2572,8112,6067,4583,3495,2572
760,8134,6083,4595,3505,2579,8134,6083,4595,3505,2579,8134,6083,4595,3505,2579,8134,6083,4595,3505,2579
761,8156,6100,4608,3514,2586,8156,6100,4608,3514,2586,8156,6100,4608,3514,2586,8156,6100,4608,3514,2586
762,8178,6116,4620,3524,2593,8178,6116,4620,3524,2593,8178,6116,4620,3524,2593,8178,6116,4620,3524,2593
763,8200,6133,4633,3533,2600,8200,6133,4633,3533,2600,8200,6133,4633,3533,2600,8200,6133,4633,3533,2600
764,8222,6149,4645,3543,2607,8222,6149,4645,3543,2607,8222,6149,4645,3543,2607,8222,6149,4645,3543,2607
765,8244,6166,4658,3552,2614,8244,6166,4658,3552,2614,8244,6166,4658,3552,2614,8244,6166,4658,3552,2614
766,8266,6182,4670,3562,2621,8266,6182,4670,3562,2621,8266,6182,4670,3562,2621,8266,6182,4670,3562,2621
767,8288,6199,4683,3571,2628,8288,6199,4683,3571,2628,8288,6199,4683,3571,2628,8288,6199,4683,3571,2628
768,8310,6215,4695,3581,2635,8310,6215,4695,3581,2635,8310,6215,4695,3581,2635,8310,6215,4695,3581,2635
769,8332,6232,4708,3590,2642,8332,6232,4708,3590,2642,8332,6232,4708,3590,2642,8332,6232,4708,3590,2642
770,8354,6248,4720,3600,2649,8354,6248,4720,3600,2649,8354,6248,4720,3600,2649,8354,6248,4720,3600,2649
771,8376,6265,4733,3609,2656,8376,6265,4733,3609,2656,8376,6265,4733,3609,2656,8376,6265,4733,3609,2656
772,8398,6281,4745,3619,2663,8398,6281,4745,3619,2663,8398,6281,4745,3619,2663,8398,6281,4745,3619,2663
773,8420,6298,4758,3628,2670,8420,6298,4758,3628,2670,8420,6298,4758,3628,2670,8420,6298,4758,3628,2670
774,8442,6314,4770,3638,2677,8442,6314,4770,3638,2677,8442,6314,4770,3638,2677,8442,6314,4770,3638,2677
775,8464,6331,4783,3647,2684,8464,6331,4783,3647,2684,8464,6331,4783,3647,2684,8464,6331,4783,3647,2684
776,8486,6347,4795,3657,2691,8486,6347,4795,3657,2691,8486,6347,4795,3657,2691,8486,6347,4795,3657,2691
777,8508,6364,4808,3666,2698,8508,6364,4808,3666,2698,8508,6364,4808,3666,2698,8508,6364,4808,3666,2698
778,8530,6380,4820,3676,2705,8530,6380,4820,3676,2705,8530,6380,4820,3676,2705,8530,6380,4820,3676,2705
779,8552,6397,4833,3685,2712,8552,6397,4833,3685,2712,8552,6397,4833,3685,2712,8552,6397,4833,3685,2712
780,8574,6413,4845,3695,2719,8574,6413,4845,3695,2719,8574,6413,4845,3695,2719,8574,6413,4845,3695,2719
781,8596,6430,4858,3704,2726,8596,6430,4858,3704,2726,8596,6430,4858,3704,2726,8596,6430,4858,3704,2726
782,8618,6446,4870,3714,2733,8618,6446,4870,3714,2733,8618,6446,4870,3714,2733,8618,6446,4870,3714,2733
783,8640,6463,4883,3723,2740,8640,6463,4883,3723,2740,8640,6463,4883,3723,2740,8640,6463,4883,3723,2740
784,8662,6479,4895,3733,2747,8662,6479,4895,3733,2747,8662,6479,4895,3733,2747,8662,6479,4895,3733,2747
785,8684,6496,4908,3742,2754,8684,6496,4908,3742,2754,8684,6496,4908,3742,2754,8684,6496,4908,3742,2754
786,8706,6512,4920,3752,2761,8706,6512,4920,3752,2761,8706,6512,4920,3752,2761,8706,6512,4920,3752,2761
787,8728,6529,4933,3761,2768,8728,6529,4933,3761,2768,8728,6529,4933,3761,2768,8728,6529,4933,3761,2768
788,8750,6545,4945,3771,2775,8750,6545,4945,3771,2775,8750,6545,4945,3771,2775,8750,6545,4945,3771,2775
789,8772,6562,4958,3780,2782,8772,6562,4958,3780,2782,8772,6562,4958,3780,2782,8772,6562,4958,3780,2782
790,8794,6578,4970,3790,2789,8794,6578,4970,3790,2789,8794,6578,4970,3790,2789,8794,6578,4970,3790,2789
791,8816,6595,4983,3799,2796,8816,6595,4983,3799,2796,8816,6595,4983,3799,2796,8816,6595,4983,3799,2796
792,8838,6611,4995,3809,2803,8838,6611,4995,3809,2803,8838,6611,4995,3809,2803,8838,6611,4995,3809,2803
793,8860,6628,5008,3818,2810,8860,6628,5008,3818,2810,8860,6628,5008,3818,2810,8860,6628,5008,3818,2810
794,8882,6644,5020,3828,2817,8882,6644,5020,3828,2817,8882,6644,5020,3828,2817,8882,6644,5020,3828,2817
795,8904,6661,5033,3837,2824,8904,6661,5033,3837,2824,8904,6661,5033,3837,2824,8904,6661,5033,3837,2824
796,8926,6677,5045,3847,2831,8926,6677,5045,3847,2831,8926,6677,5045,3847,2831,8926,6677,5045,3847,2831
797,8948,6694,5058,3856,2838,8948,6694,5058,3856,2838,8948,6694,5058,3856,2838,8948,6694,5058,3856,2838
798,8970,6710,5070,3866,2845,8970,6710,5070,3866,2845,8970,6710,5070,3866,2845,8970,6710,5070,3866,2845
799,8992,6727,5083,3875,2852,8992,6727,5083,3875,2852,8992,6727,5083,3875,2852,8992,6727,5083,3875,2852
800,9014,6743,5095,3885,2859,9014,6743,5095,3885,2859,9014,6743,5095,3885,2859,9014,6743,5095,3885,2859
801,9036,6760,5108,3894,2866,9036,6760,5108,3894,2866,9036,6760,5108,3894,2866,9036,6760,5108,3894,2866
802,9058,6776,5120,3904,2873,9058,6776,5120,3904,2873,9058,6776,5120,3904,2873,9058,6776,5120,3904,2873
803,9080,6793,5133,3913,2880,9080,6793,5133,3913,2880,9080,6793,5133,3913,2880,9080,6793,5133,3913,2880
804,9102,6809,5145,3923,2887,9102,6809,5145,3923,2887,9102,6809,5145,3923,2887,9102,6809,5145,3923,2887
805,9124,6826,5158,3932,2894,9124,6826,5158,3932,2894,9124,6826,5158,3932,2894,9124,6826,5158,3932,2894
806,9146,6842,5170,3942,2901,9146,6842,5170,3942,2901,9146,6842,5170,3942,2901,9146,6842,5170,3942,2901
807,9168,6859,5183,3951,2908,9168,6859,5183,3951,2908,9168,6859,5183,3951,2908,9168,6859,5183,3951,2908
808,9190,6875,5195,3961,2915,9190,6875,5195,3961,2915,9190,6875,5195,3961,2915,9190,6875,5195,3961,2915
809,9212,6892,5208,3970,2922,9212,6892,5208,3970,2922,9212,6892,5208,3970,2922,9212,6892,5208,3970,2922
810,9234,6908,5220,3980,2929,9234,6908,5220,3980,2929,9234,6908,5220,3980,2929,9234,6908,5220,3980,2929
811,9256,6925,5233,3989,2936,9256,6925,5233,3989,2936,9256,6925,5233,3989,2936,9256,6925,5233,3989,2936
812,9278,6941,5245,3999,2943,9278,6941,5245,3999,2943,9278,6941,5245,3999,2943,9278,6941,5245,3999,2943
813,9300,6958,5258,4008,2950,9300,6958,5258,4008,2950,9300,6958,5258,4008,2950,9300,6958,5258,4008,2950
814,9322,6974,5270,4018,2957,9322,6974,5270,4018,2957,9322,6974,5270,4018,2957,9322,6974,5270,4018,2957
815,9344,6991,5283,4027,2964,9344,6991,5283,4027,2964,9344,6991,5283,4027,2964,9344,6991,5283,4027,2964
816,9366,7007,5295,4037,2971,9366,7007,5295,4037,2971,9366,7007,5295,4037,2971,9366,7007,5295,4037,2971
817,9388,7024,5308,4046,2978,9388,7024,5308,4046,2978,9388,7024,5308,4046,2978,9388,7024,5308,4046,2978
818,9410,7040,5320,4056,2985,9410,7040,5320,4056,2985,9410,7040,5320,4056,2985,9410,7040,5320,4056,2985
819,9432,7057,5333,4065,2992,9432,7057,5333,4065,2992,9432,7057,5333,4065,2992,9432,7057,5333,4065,2992
820,9454,7073,5345,4075,2999,9454,7073,5345,4075,2999,9454,7073,5345,4075,2999,9454,7073,5345,4075,2999
821,9476,7090,5358,4084,3006,9476,7090,5358,4084,3006,9476,7090,5358,4084,3006,9476,7090,5358,4084,3006
822,9498,7106,5370,4094,3013,9498,7106,5370,4094,3013,9498,7106,5370,4094,3013,9498,7106,5370,4094,3013
823,9520,7123,5383,4103,3020,9520,7123,5383,4103,3020,9520,7123,5383,4103,3020,9520,7123,5383,4103,3020
824,9542,7139,5395,4113,3027,9542,7139,5395,4113,3027,9542,7139,5395,4113,3027,9542,7139,5395,4113,3027
825,9564,7156,5408,4122,3034,9564,7156,5408,4122,3034,9564,7156,5408,4122,3034,9564,7156,5408,4122,3034
826,9586,7172,5420,4132,3041,9586,7172,5420,4132,3041,9586,7172,5420,4132,3041,9586,7172,5420,4132,3041
827,9608,7189,5433,4141,3048,9608,7189,5433,4141,3048,9608,7189,5433,4141,3048,9608,7189,5433,4141,3048
828,9630,7205,5445,4151,3055,9630,7205,5445,4151,3055,9630,7205,5445,4151,3055,9630,7205,5445,4151,3055
829,9652,7222,5458,4160,3062,9652,7222,5458,4160,3062,9652,7222,5458,4160,3062,9652,7222,5458,4160,3062
830,9674,7238,5470,4170,3069,9674,7238,5470,4170,3069,9674,7238,5470,4170,3069,9674,7238,5470,4170,3069
831,9696,7255,5483,4179,3076,9696,7255,5483,4179,3076,9696,7255,5483,4179,3076,9696,7255,5483,4179,3076
832,9718,7271,5495,4189,3083,9718,7271,5495,4189,3083,9718,7271,5495,4189,3083,9718,7271,5495,4189,3083
833,9740,7288,5508,4198,3090,9740,7288,5508,4198,3090,9740,7288,5508,4198,3090,9740,7288,5508,4198,3090
834,9762,7304,5520,4208,3097,9762,7304,5520,4208,3097,9762,7304,5520,4208,3097,9762,7304,5520,4208,3097
835,9784,7321,5533,4217,3104,9784,7321,5533,4217,3104,9784,7321,5533,4217,3104,9784,7321,5533,4217,3104
836,9806,7337,5545,4227,3111,9806,7337,5545,4227,3111,9806,7337,5545,4227,3111,9806,7337,5545,4227,3111
837,9828,7354,5558,4236,3118,9828,7354,5558,4236,3118,9828,7354,5558,4236,3118,9828,7354,5558,4236,3118
838,9850,7370,5570,4246,3125,9850,7370,5570,4246,3125,9850,7370,5570,4246,3125,9850,7370,5570,4246,3125
839,9872,7387,5583,4255,3132,9872,7387,5583,4255,3132,9872,7387,5583,4255,3132,9872,7387,5583,4255,3132
840,9894,7403,5595,4265,3139,9894,7403,5595,4265,3139,9894,7403,5595,4265,3139,9894,7403,5595,4265,3139
841,9916,7420,5608,4274,3146,9916,7420,5608,4274,3146,9916,7420,5608,4274,3146,9916,7420,5608,4274,3146
842,9938,7436,5620,4284,3153,9938,7436,5620,4284,3153,9938,7436,5620,4284,3153,9938,7436,5620,4284,3153
843,9960,7453,5633,4293,3160,9960,7453,5633,4293,3160,9960,7453,5633,4293,3160,9960,7453,5633,4293,3160
844,9982,7469,5645,4303,3167,9982,7469,5645,4303,3167,9982,7469,5645,4303,3167,9982,7469,5645,4303,3167
845,10004,7486,5658,4312,3174,10004,7486,5658,4312,3174,10004,7486,5658,4312,3174,10004,7486,5658,4312,3174
846,10026,7502,5670,4322,3181,10026,7502,5670,4322,3181,10026,7502,5670,4322,3181,10026,7502,5670,4322,3181
847,10048,7519,5683,4331,3188,10048,7519,5683,4331,3188,10048,7519,5683,4331,3188,10048,7519,5683,4331,3188
848,10070,7535,5695,4341,3195,10070,7535,5695,4341,3195,10070,7535,5695,4341,3195,10070,7535,5695,4341,3195
849,10092,7552,5708,4350,3202,10092,7552,5708,4350,3202,10092,7552,5708,4350,3202,10092,7552,5708,4350,3202
850,10114,7568,5720,4360,3209,10114,7568,5720,4360,3209,10114,7568,5720,4360,3209,10114,7568,5720,4360,3209
851,10136,7585,5733,4369,3216,10136,7585,5733,4369,3216,10136,7585,5733,4369,3216,10136,7585,5733,4369,3216
852,10158,7601,5745,4379,3223,10158,7601,5745,4379,3223,10158,7601,5745,4379,3223,10158,7601,5745,4379,3223
853,10180,7618,5758,4388,3230,10180,7618,5758,4388,3230,10180,7618,5758,4388,3230,10180,7618,5758,4388,3230
854,10202,7634,5770,4398,3237,10202,7634,5770,4398,3237,10202,7634,5770,4398,3237,10202,7634,5770,4398,3237
855,10224,7651,5783,4407,3244,10224,7651,5783,4407,3244,10224,7651,5783,4407,3244,10224,7651,5783,4407,3244
856,10246,7667,5795,4417,3251,10246,7667,5795,4417,3251,10246,7667,5795,4417,3251,10246,7667,5795,4417,3251
857,10268,7684,5808,4426,3258,10268,7684,5808,4426,3258,10268,7684,5808,4426,3258,10268,7684,5808,4426,3258
858,10290,7700,5820,4436,3265,10290,7700,5820,4436,3265,10290,7700,5820,4436,3265,10290,7700,5820,4436,3265
859,10312,7717,5833,4445,3272,10312,7717,5833,4445,3272,10312,7717,5833,4445,3272,10312,7717,5833,4445,3272
860,10334,7733,5845,4455,3279,10334,7733,5845,4455,3279,10334,7733,5845,4455,3279,10334,7733,5845,4455,3279
861,10356,7750,5858,4464,3286,10356,7750,5858,4464,3286,10356,7750,5858,4464,3286,10356,7750,5858,4464,3286
862,10378,7766,5870,4474,3293,10378,7766,5870,4474,3293,10378,7766,5870,4474,3293,10378,7766,5870,4474,3293
863,10400,7783,5883,4483,3300,10400,7783,5883,4483,3300,10400,7783,5883,4483,3300,10400,7783,5883,4483,3300
864,10422,7799,5895,4493,3307,10422,7799,5895,4493,3307,10422,7799,5895,4493,3307,10422,7799,5895,4493,3307
865,10444,7816,5908,4502,3314,10444,7816,5908,4502,3314,10444,7816,5908,4502,3314,10444,7816,5908,4502,3314
866,10466,7832,5920,4512,3321,10466,7832,5920,4512,3321,10466,7832,5920,4512,3321,10466,7832,5920,4512,3321
867,10488,7849,5933,4521,3328,10488,7849,5933,4521,3328,10488,7849,5933,4521,3328,10488,7849,5933,4521,3328
868,10510,7865,5945,4531,3335,10510,7865,5945,4531,3335,10510,7865,5945,4531,3335,10510,7865,5945,4531,3335
869,10532,7882,5958,4540,3342,10532,7882,5958,4540,3342,10532,7882,5958,4540,3342,10532,7882,5958,4540,3342
870,10554,7898,5970,4550,3349,10554,7898,5970,4550,3349,10554,7898,5970,4550,3349,10554,7898,5970,4550,3349
871,10576,7915,5983,4559,3356,10576,7915,5983,4559,3356,10576,7915,5983,4559,3356,10576,7915,5983,4559,3356
872,10598,7931,5995,4569,3363,10598,7931,5995,4569,3363,10598,7931,5995,4569,3363,10598,7931,5995,4569,3363
873,10620,7948,6008,4578,3370,10620,7948,6008,4578,3370,10620,7948,6008,4578,3370,10620,7948,6008,4578,3370
874,10642,7964,6020,4588,3377,10642,7964,6020,4588,3377,10642,7964,6020,4588,3377,10642,7964,6020,4588,3377
875,10664,7981,6033,4597,3384,10664,7981,6033,4597,3384,10664,7981,6033,4597,3384,10664,7981,6033,4597,3384
876,10686,7997,6045,4607,3391,10686,7997,6045,4607,3391,10686,7997,6045,4607,3391,10686,7997,6045,4607,3391
877,10708,8014,6058,4616,3398,10708,8014,6058,4616,3398,10708,8014,6058,4616,3398,10708,8014,6058,4616,3398
878,10730,8030,6070,4626,3405,10730,8030,6070,4626,3405,10730,8030,6070,4626,3405,10730,8030,6070,4626,3405
879,10752,8047,6083,4635,3412,10752,8047,6083,4635,3412,10752,8047,6083,4635,3412,10752,8047,6083,4635,3412
880,10774,8063,6095,4645,3419,10774,8063,6095,4645,3419,10774,8063,6095,4645,3419,10774,8063,6095,4645,3419
881,10796,8080,6108,4654,3426,10796,8080,6108,4654,3426,10796,8080,6108,4654,3426,10796,8080,6108,4654,3426
882,10818,8096,6120,4664,3433,10818,8096,6120,4664,3433,10818,8096,6120,4664,3433,10818,8096,6120,4664,3433
883,10840,8113,6133,4673,3440,10840,8113,6133,4673,3440,10840,8113,6133,4673,3440,10840,8113,6133,4673,3440
884,10862,8129,6145,4683,3447,10862,8129,6145,4683,3447,10862,8129,6145,4683,3447,10862,8129,6145,4683,3447
885,10884,8146,6158,4692,3454,10884,8146,6158,4692,3454,10884,8146,6158,4692,3454,10884,8146,6158,4692,3454
886,10906,8162,6170,4702,3461,10906,8162,6170,4702,3461,10906,8162,6170,4702,3461,10906,8162,6170,4702,3461
887,10928,8179,6183,4711,3468,10928,8179,6183,4711,3468,10928,8179,6183,4711,3468,10928,8179,6183,4711,3468
888,10950,8195,6195,4721,3475,10950,8195,6195,4721,3475,10950,8195,6195,4721,3475,10950,8195,6195,4721,3475
889,10972,8212,6208,4730,3482,10972,8212,6208,4730,3482,10972,8212,6208,4730,3482,10972,8212,6208,4730,3482
890,10994,8228,6220,4740,3489,10994,8228,6220,4740,3489,10994,8228,6220,4740,3489,10994,8228,6220,4740,3489
891,11016,8245,6233,4749,3496,11016,8245,6233,4749,3496,11016,8245,6233,4749,3496,11016,8245,6233,4749,3496
892,11038,8261,6245,4759,3503,11038,8261,6245,4759,3503,11038,8261,6245,4759,3503,11038,8261,6245,4759,3503
893,11060,8278,6258,4768,3510,11060,8278,6258,4768,3510,11060,8278,6258,4768,3510,11060,8278,6258,4768,3510
894,11082,8294,6270,4778,3517,11082,8294,6270,4778,3517,11082,8294,6270,4778,3517,11082,8294,6270,4778,3517
895,11104,8311,6283,4787,3524,11104,8311,6283,4787,3524,11104,8311,6283,4787,3524,11104,8311,6283,4787,3524
896,11126,8327,6295,4797,3531,11126,8327,6295,4797,3531,11126,8327,6295,4797,3531,11126,8327,6295,4797,3531
897,11148,8344,6308,4806,3538,11148,8344,6308,4806,3538,11148,8344,6308,4806,3538,11148,8344,6308,4806,3538
898,11170,8360,6320,4816,3545,11170,8360,6320,4816,3545,11170,8360,6320,4816,3545,11170,8360,6320,4816,3545
899,11192,8377,6333,4825,3552,11192,8377,6333,4825,3552,11192,8377,6333,4825,3552,11192,8377,6333,4825,3552
900,11214,8393,6345,4835,3559,11214,8393,6345,4835,3559,11214,8393,6345,4835,3559,11214,8393,6345,4835,3559
901,11236,8410,6358,4844,3566,11236,8410,6358,4844,3566,11236,8410,6358,4844,3566,11236,8410,6358,4844,3566
902,11258,8426,6370,4854,3573,11258,8426,6370,4854,3573,11258,8426,6370,4854,3573,11258,8426,6370,4854,3573
903,11280,8443,6383,4863,3580,11280,8443,6383,4863,3580,11280,8443,6383,4863,3580,11280,8443,6383,4863,3580
904,11302,8459,6395,4873,3587,11302,8459,6395,4873,3587,11302,8459,6395,4873,3587,11302,8459,6395,4873,3587
905,11324,8476,6408,4882,3594,11324,8476,6408,4882,3594,11324,8476,6408,4882,3594,11324,8476,6408,4882,3594
906,11346,8492,6420,4892,3601,11346,8492,6420,4892,3601,11346,8492,6420,4892,3601,11346,8492,6420,4892,3601
907,11368,8509,6433,4901,3608,11368,8509,6433,4901,3608,11368,8509,6433,4901,3608,11368,8509,6433,4901,3608
908,11390,8525,6445,4911,3615,11390,8525,6445,4911,3615,11390,8525,6445,4911,3615,11390,8525,6445,4911,3615
909,11412,8542,6458,4920,3622,11412,8542,6458,4920,3622,11412,8542,6458,4920,3622,11412,8542,6458,4920,3622
910,11434,8558,6470,4930,3629,11434,8558,6470,4930,3629,11434,8558,6470,4930,3629,11434,8558,6470,4930,3629
911,11456,8575,6483,4939,3636,11456,8575,6483,4939,3636,11456,8575,6483,4939,3636,11456,8575,6483,4939,3636
912,11478,8591,6495,4949,3643,11478,8591,6495,4949,3643,11478,8591,6495,4949,3643,11478,8591,6495,4949,3643
913,11500,8608,6508,4958,3650,11500,8608,6508,4958,3650,11500,8608,6508,4958,3650,11500,8608,6508,4958,3650
914,11522,8624,6520,4968,3657,11522,8624,6520,4968,3657,11522,8624,6520,4968,3657,11522,8624,6520,4968,3657
915,11544,8641,6533,4977,3664,11544,8641,6533,4977,3664,11544,8641,6533,4977,3664,11544,8641,6533,4977,3664
916,11566,8657,6545,4987,3671,11566,8657,6545,4987,3671,11566,8657,6545,4987,3671,11566,8657,6545,4987,3671
917,11588,8674,6558,4996,3678,11588,8674,6558,4996,3678,11588,8674,6558,4996,3678,11588,8674,6558,4996,3678
918,11610,8690,6570,5006,3685,11610,8690,6570,5006,3685,11610,8690,6570,5006,3685,11610,8690,6570,5006,3685
919,11632,8707,6583,5015,3692,11632,8707,6583,5015,3692,11632,8707,6583,5015,3692,11632,8707,6583,5015,3692
920,11654,8723,6595,5025,3699,11654,8723,6595,5025,3699,11654,8723,6595,5025,3699,11654,8723,6595,5025,3699
921,11676,8740,6608,5034,3706,11676,8740,6608,5034,3706,11676,8740,6608,5034,3706,11676,8740,6608,5034,3706
922,11698,8756,6620,5044,3713,11698,8756,6620,5044,3713,11698,8756,6620,5044,3713,11698,8756,6620,5044,3713
923,11720,8773,6633,5053,3720,11720,8773,6633,5053,3720,11720,8773,6633,5053,3720,11720,8773,6633,5053,3720
924,11742,8789,6645,5063,3727,11742,8789,6645,5063,3727,11742,8789,6645,5063,3727,11742,8789,6645,5063,3727
925,11764,8806,6658,5072,3734,11764,8806,6658,5072,3734,11764,8806,6658,5072,3734,11764,8806,6658,5072,3734
926,11786,8822,6670,5082,3741,11786,8822,6670,5082,3741,11786,8822,6670,5082,3741,11786,8822,6670,5082,3741
927,11808,8839,6683,5091,3748,11808,8839,6683,5091,3748,11808,8839,6683,5091,3748,11808,8839,6683,5091,3748
928,11830,8855,6695,5101,3755,11830,8855,6695,5101,3755,11830,8855,6695,5101,3755,11830,8855,6695,5101,3755
929,11852,8872,6708,5110,3762,11852,8872,6708,5110,3762,11852,8872,6708,5110,3762,11852,8872,6708,5110,3762
930,11874,8888,6720,5120,3769,11874,8888,6720,5120,3769,11874,8888,6720,5120,3769,11874,8888,6720,5120,3769
931,11896,8905,6733,5129,3776,11896,8905,6733,5129,3776,11896,8905,6733,5129,3776,11896,8905,6733,5129,3776
932,11918,8921,6745,5139,3783,11918,8921,6745,5139,3783,11918,8921,6745,5139,3783,11918,8921,6745,5139,3783
933,11940,8938,6758,5148,3790,11940,8938,6758,5148,3790,11940,8938,6758,5148,3790,11940,8938,6758,5148,3790
934,11962,8954,6770,5158,3797,11962,8954,6770,5158,3797,11962,8954,6770,5158,3797,11962,8954,6770,5158,3797
935,11984,8971,6783,5167,3804,11984,8971,6783,5167,3804,11984,8971,6783,5167,3804,11984,8971,6783,5167,3804
936,12006,8987,6795,5177,3811,12006,8987,6795,5177,3811,12006,8987,6795,5177,3811,12006,8987,6795,5177,3811
937,12028,9004,6808,5186,3818,12028,9004,6808,5186,3818,12028,9004,6808,5186,3818,12028,9004,6808,5186,3818
938,12050,9020,6820,5196,3825,12050,9020,6820,5196,3825,12050,9020,6820,5196,3825,12050,9020,6820,5196,3825
939,12072,9037,6833,5205,3832,12072,9037,6833,5205,3832,12072,9037,6833,5205,3832,12072,9037,6833,5205,3832
940,12094,9053,6845,5215,3839,12094,9053,6845,5215,3839,12094,9053,6845,5215,3839,12094,9053,6845,5215,3839
941,12116,9070,6858,5224,3846,12116,9070,6858,5224,3846,12116,9070,6858,5224,3846,12116,9070,6858,5224,3846
942,12138,9086,6870,5234,3853,12138,9086,6870,5234,3853,12138,9086,6870,5234,3853,12138,9086,6870,5234,3853
943,12160,9103,6883,5243,3860,12160,9103,6883,5243,3860,12160,9103,6883,5243,3860,12160,9103,6883,5243,3860
944,12182,9119,6895,5253,3867,12182,9119,6895,5253,3867,12182,9119,6895,5253,3867,12182,9119,6895,5253,3867
945,12204,9136,6908,5262,3874,12204,9136,6908,5262,3874,12204,9136,6908,5262,3874,12204,9136,6908,5262,3874
946,12226,9152,6920,5272,3881,12226,9152,6920,5272,3881,12226,9152,6920,5272,3881,12226,9152,6920,5272,3881
947,12248,9169,6933,5281,3888,12248,9169,6933,5281,3888,12248,9169,6933,5281,3888,12248,9169,6933,5281,3888
948,12270,9185,6945,5291,3895,12270,9185,6945,5291,3895,12270,9185,6945,5291,3895,12270,9185,6945,5291,3895
949,12292,9202,6958,5300,3902,12292,9202,6958,5300,3902,12292,9202,6958,5300,3902,12292,9202,6958,5300,3902
950,12314,9218,6970,5310,3909,12314,9218,6970,5310,3909,12314,9218,6970,5310,3909,12314,9218,6970,5310,3909
951,12336,9235,6983,5319,3916,12336,9235,6983,5319,3916,12336,9235,6983,5319,3916,12336,9235,6983,5319,3916
952,12358,9251,6995,5329,3923,12358,9251,6995,5329,3923,12358,9251,6995,5329,3923,12358,9251,6995,5329,3923
953,12380,9268,7008,5338,3930,12380,9268,7008,5338,3930,12380,9268,7008,5338,3930,12380,9268,7008,5338,3930
954,12402,9284,7020,5348,3937,12402,9284,7020,5348,3937,12402,9284,7020,5348,3937,12402,9284,7020,5348,3937
955,12424,9301,7033,5357,3944,12424,9301,7033,5357,3944,12424,9301,7033,5357,3944,12424,9301,7033,5357,3944
956,12446,9317,7045,5367,3951,12446,9317,7045,5367,3951,12446,9317,7045,5367,3951,12446,9317,7045,5367,3951
957,12468,9334,7058,5376,3958,12468,9334,7058,5376,3958,12468,9334,7058,5376,3958,12468,9334,7058,5376,3958
958,12490,9350,7070,5386,3965,12490,9350,7070,5386,3965,12490,9350,7070,5386,3965,12490,9350,7070,5386,3965
959,12512,9367,7083,5395,3972,12512,9367,7083,5395,3972,12512,9367,7083,5395,3972,12512,9367,7083,5395,3972
960,12534,9383,7095,5405,3979,12534,9383,7095,5405,3979,12534,9383,7095,5405,3979,12534,9383,7095,5405,3979
961,12556,9400,7108,5414,3986,12556,9400,7108,5414,3986,12556,9400,7108,5414,3986,12556,9400,7108,5414,3986
962,12578,9416,7120,5424,3993,12578,9416,7120,5424,3993,12578,9416,7120,5424,3993,12578,9416,7120,5424,3993
963,12600,9433,7133,5433,4000,12600,9433,7133,5433,4000,12600,9433,7133,5433,4000,12600,9433,7133,5433,4000
964,12622,9449,7145,5443,4007,12622,9449,7145,5443,4007,12622,9449,7145,5443,4007,12622,9449,7145,5443,4007
965,12644,9466,7158,5452,4014,12644,9466,7158,5452,4014,12644,9466,7158,5452,4014,12644,9466,7158,5452,4014
966,12666,9482,7170,5462,4021,12666,9482,7170,5462,4021,12666,9482,7170,5462,4021,12666,9482,7170,5462,4021
967,12688,9499,7183,5471,4028,12688,9499,7183,5471,4028,12688,9499,7183,5471,4028,12688,9499,7183,5471,4028
968,12710,9515,7195,5481,4035,12710,9515,7195,5481,4035,12710,9515,7195,5481,4035,12710,9515,7195,5481,4035
969,12732,9532,7208,5490,4042,12732,9532,7208,5490,4042,12732,9532,7208,5490,4042,12732,9532,7208,5490,4042
970,12754,9548,7220,5500,4049,12754,9548,7220,5500,4049,12754,9548,7220,5500,4049,12754,9548,7220,5500,4049
971,12776,9565,7233,5509,4056,12776,9565,7233,5509,4056,12776,9565,7233,5509,4056,12776,9565,7233,5509,4056
972,12798,9581,7245,5519,4063,12798,9581,7245,5519,4063,12798,9581,7245,5519,4063,12798,9581,7245,5519,4063
973,12820,9598,7258,5528,4070,12820,9598,7258,5528,4070,12820,9598,7258,5528,4070,12820,9598,7258,5528,4070
974,12842,9614,7270,5538,4077,12842,9614,7270,5538,4077,12842,9614,7270,5538,4077,12842,9614,7270,5538,4077
975,12864,9631,7283,5547,4084,12864,9631,7283,5547,4084,12864,9631,7283,5547,4084,12864,9631,7283,5547,4084
976,12886,9647,7295,5557,4091,12886,9647,7295,5557,4091,12886,9647,7295,5557,4091,12886,9647,7295,5557,4091
977,12908,9664,7308,5566,4098,12908,9664,7308,5566,4098,12908,9664,7308,5566,4098,12908,9664,7308,5566,4098
978,12930,9680,7320,5576,4105,12930,9680,7320,5576,4105,12930,9680,7320,5576,4105,12930,9680,7320,5576,4105
979,12952,9697,7333,5585,4112,12952,9697,7333,5585,4112,12952,9697,7333,5585,4112,12952,9697,7333,5585,4112
980,12974,9713,7345,5595,4119,12974,9713,7345,5595,4119,12974,9713,7345,5595,4119,12974,9713,7345,5595,4119
981,12996,9730,7358,5604,4126,12996,9730,7358,5604,4126,12996,9730,7358,5604,4126,12996,9730,7358,5604,4126
982,13018,9746,7370,5614,4133,13018,9746,7370,5614,4133,13018,9746,7370,5614,4133,13018,9746,7370,5614,4133
983,13040,9763,7383,5623,4140,13040,9763,7383,5623,4140,13040,9763,7383,5623,4140,13040,9763,7383,5623,4140
984,13062,9779,7395,5633,4147,13062,9779,7395,5633,4147,13062,9779,7395,5633,4147,13062,9779,7395,5633,4147
985,13084,9796,7408,5642,4154,13084,9796,7408,5642,4154,13084,9796,7408,5642,4154,13084,9796,7408,5642,4154
986,13106,9812,7420,5652,4161,13106,9812,7420,5652,4161,13106,9812,7420,5652,4161,13106,9812,7420,5652,4161
987,13128,9829,7433,5661,4168,13128,9829,7433,5661,4168,13128,9829,7433,5661,4168,13128,9829,7433,5661,4168
988,13150,9845,7445,5671,4175,13150,9845,7445,5671,4175,13150,9845,7445,5671,4175,13150,9845,7445,5671,4175
989,13172,9862,7458,5680,4182,13172,9862,7458,5680,4182,13172,9862,7458,5680,4182,13172,9862,7458,5680,4182
990,13194,9878,7470,5690,4189,13194,9878,7470,5690,4189,13194,9878,7470,5690,4189,13194,9878,7470,5690,4189
991,13216,9895,7483,5699,4196,13216,9895,7483,5699,4196,13216,9895,7483,5699,4196,13216,9895,7483,5699,4196
992,13238,9911,7495,5709,4203,13238,9911,7495,5709,4203,13238,9911,7495,5709,4203,13238,9911,7495,5709,4203
993,13260,9928,7508,5718,4210,13260,9928,7508,5718,4210,13260,9928,7508,5718,4210,13260,9928,7508,5718,4210
994,13282,9944,7520,5728,4217,13282,9944,7520,5728,4217,13282,9944,7520,5728,4217,13282,9944,7520,5728,4217
995,13304,9961,7533,5737,4224,13304,9961,7533,5737,4224,13304,9961,7533,5737,4224,13304,9961,7533,5737,4224
996,13326,9977,7545,5747,4231,13326,9977,7545,5747,4231,13326,9977,7545,5747,4231,13326,9977,7545,5747,4231
997,13348,9994,7558,5756,4238,13348,9994,7558,5756,4238,13348,9994,7558,5756,4238,13348,9994,7558,5756,4238
998,13370,10010,7570,5766,4245,13370,10010,7570,5766,4245,13370,10010,7570,5766,4245,13370,10010,7570,5766,4245
999,13392,10027,7583,5775,4252,13392,10027,7583,5775,4252,13392,10027,7583,5775,4252,13392,10027,7583,5775,4252
1000,13414,10043,7595,5785,4259,13414,10043,7595,5785,4259,13414,10043,7595,5785,4259,13414,10043,7595,5785,4259
